City,lat,lon
Roma,41.8931,12.4828
Milano,45.4669,9.19
Napoli,40.8333,14.25
Turin,45.0667,7.7
Palermo,38.1157,13.3613
Genova,44.4072,8.934
Bologna,44.4939,11.3428
Firenze,43.7714,11.2542
Bari,41.1253,16.8667
Catania,37.5027,15.0873
Venezia,45.4397,12.3319
Verona,45.4386,10.9928
Messina,38.1936,15.5542
Padova,45.4064,11.8778
Trieste,45.6503,13.7703
Taranto,40.4181,17.2408
Brescia,45.5389,10.2203
Parma,44.8015,10.328
Prato,43.8808,11.0966
Modena,44.6458,10.9257
Reggio di Calabria,38.1144,15.65
Reggio nell'Emilia,44.7,10.6333
Perugia,43.1121,12.3888
Ravenna,44.4178,12.1994
Livorno,43.55,10.3167
Cagliari,39.2167,9.1167
Foggia,41.4584,15.5519
Rimini,44.0594,12.5683
Salerno,40.6806,14.7597
Ferrara,44.8353,11.6199
Latina,41.4676,12.9037
Giugliano in Campania,40.9319,14.1956
Monza e della Brianza,45.5836,9.2736
Siracusa,37.0692,15.2875
Bergamo,45.695,9.67
Pescara,42.4643,14.2142
Trento,46.0667,11.1167
Forlì,44.2225,12.0408
Sassari,40.7267,8.5592
Vicenza,45.55,11.55
Terni,42.5667,12.65
Bolzano / Bozen,46.5,11.35
Novara,45.45,8.6167
Piacenza,45.05,9.7
Ancona,43.6167,13.5167
Andria,41.2317,16.3083
Udine,46.0667,13.2333
Arezzo,43.4631,11.8781
Forlì-Cesena,44.1333,12.2333
Lecce,40.352,18.1691
Pesaro e Urbino,43.9102,12.9133
Barletta-Andria-Trani,41.3167,16.2833
Alessandria,44.9133,8.62
La Spezia,44.108,9.8289
Pistoia,43.9333,10.9167
Pisa,43.7167,10.4
Catanzaro,38.91,16.5875
Mestre,45.4906,12.2381
Lucca,43.85,10.5167
Brindisi,40.6383,17.9458
Torre del Greco,40.7853,14.3953
Treviso,45.6722,12.2422
Busto Arsizio,45.612,8.8518
Como,45.8103,9.0861
Marsala,37.7981,12.4342
Grosseto,42.7722,11.1089
Sesto San Giovanni,45.5333,9.2333
Pozzuoli,40.8231,14.1222
Varese,45.8167,8.8333
Fiumicino,41.7667,12.2333
Casoria,40.9,14.3
Asti,44.9,8.2069
Cinisello Balsamo,45.55,9.2167
Caserta,41.0667,14.3333
Gela,37.0667,14.25
Ragusa,36.925,14.7306
Pavia,45.1853,9.155
Cremona,45.1333,10.0333
Carpi,44.7833,10.885
Quartu Sant’Elena,39.2291,9.2649
Altamura,40.8167,16.55
Imola,44.3531,11.7147
L’Aquila,42.354,13.392
Massa,44.0333,10.1333
Trapani,38.0175,12.515
Viterbo,42.4186,12.1042
Cosenza,39.3,16.25
Potenza,40.6333,15.8
Castellammare di Stabia,40.7,14.4833
Afragola,40.9167,14.3167
Vittoria,36.95,14.5333
Crotone,39.0833,17.1167
Pomezia,41.6693,12.5021
Vigevano,45.3167,8.8667
Massa-Carrara,44.0833,10.1
Caltanissetta,37.4915,14.0624
Viareggio,43.8672,10.2506
Benevento,41.1256,14.7811
Fano,43.8435,13.0198
Savona,44.308,8.481
Matera,40.6667,16.6
Olbia-Tempio,40.9167,9.5
Legnano,45.5781,8.9183
Acerra,40.95,14.3667
Marano di Napoli,40.9,14.1833
Molfetta,41.2,16.6
Agrigento,37.3111,13.5765
Faenza,44.2856,11.8833
Cerignola,41.2667,15.9
Moncalieri,45,7.6833
Foligno,42.9561,12.7033
Manfredonia,41.6333,15.9167
Tivoli,41.9667,12.8
Cuneo,44.3833,7.55
Trani,41.2667,16.4167
Bisceglie,41.2409,16.5021
Bitonto,41.1083,16.6917
Bagheria,38.0833,13.5
Portici,40.8197,14.3411
Modica,36.8672,14.7614
San Remo,43.8175,7.775
Teramo,42.6589,13.7039
Montesilvano,42.5119,14.1373
Avellino,40.9153,14.7897
Siena,43.3183,11.3314
Gallarate,45.6649,8.7914
Velletri,41.6667,12.7833
Cava de’ Tirreni,40.7008,14.7056
San Severo,41.6951,15.3793
Aversa,40.973,14.2065
Ercolano,40.8068,14.3526
Anzio,41.4472,12.6283
Acireale,37.6125,15.1656
Civitavecchia,42.1,11.8
Mazara del Vallo,37.6517,12.5875
Rovigo,45.0809,11.794
Pordenone,45.9626,12.6563
Battipaglia,40.6167,14.9833
Rho,45.5333,9.0333
Chieti,42.3511,14.1674
Scafati,40.7536,14.5253
Scandicci,43.7544,11.1894
Misterbianco,37.5183,15.0069
Nettuno,41.4667,12.6667
Ardea,41.6167,12.55
Collegno,45.0833,7.5833
Chioggia,45.2189,12.2785
Mantova,45.1564,10.7911
Campobasso,41.561,14.6684
Casalnuovo di Napoli,40.9167,14.35
Sesto Fiorentino,43.8333,11.2
Monopoli,40.95,17.3
Martina Franca,40.7,17.3333
Ascoli Piceno,42.8547,13.5753
Rivoli,45.0725,7.5272
Empoli,43.7167,10.95
Corato,41.15,16.4
Lecco,45.85,9.4
Paterno,37.5667,14.9
Nichelino,45,7.65
Cologno Monzese,45.5286,9.2783
Rieti,42.4044,12.8567
San Benedetto del Tronto,42.9438,13.8833
Settimo Torinese,45.1333,7.7667
Paderno Dugnano,45.5667,9.1667
Campi Bisenzio,43.8256,11.1333
Terracina,41.2833,13.25
Vercelli,45.3167,8.4167
Capannori,43.8756,10.5736
Frosinone,41.6333,13.35
Nocera Inferiore,40.75,14.6333
Lissone,45.6167,9.25
Alcamo,37.9667,12.9667
Lodi,45.3167,9.5
Cascina,43.68,10.5003
Seregno,45.65,9.2
San Giorgio a Cremano,40.8333,14.3333
Senigallia,43.7131,13.2183
Marino,41.7667,12.6667
Biella,45.5664,8.0533
Alghero,40.56,8.315
Gravina in Puglia,40.8206,16.4233
Bassano del Grappa,45.7686,11.7367
Rozzano,45.3833,9.15
Torre Annunziata,40.7569,14.4444
Civitanova Marche,43.3068,13.7286
Imperia,43.8865,8.0297
Avezzano,42.031,13.4264
Desio,45.6167,9.2167
San Donà di Piave,45.6298,12.5641
Macerata,43.3003,13.4533
Ladispoli,41.9544,12.0742
Barcellona-Pozzo di Gotto,38.15,15.2167
Albano Laziale,41.7333,12.6667
Monterotondo,42.05,12.6167
Sassuolo,44.5517,10.7856
Sciacca,37.5092,13.0889
Merano,46.6689,11.1639
Corigliano Calabro,39.6,16.5167
Iesi,43.5228,13.2439
Eboli,40.6169,15.0564
Cantù,45.7333,9.1333
Rovereto,45.8833,11.0342
Pomigliano d’Arco,40.9167,14.4
Marcianise,41.0333,14.3
Fondi,41.35,13.4167
Fasano,40.8333,17.3667
Città di Castello,43.4574,12.2403
Saronno,45.6255,9.037
Voghera,44.9925,9.0092
Schio,45.7111,11.3556
Monreale,38.0817,13.2889
Maddaloni,41.0333,14.3833
Carini,38.1333,13.1833
Ciampino,41.8,12.6
Cesano Maderno,45.6272,9.1472
Mira,45.4375,12.1329
Modugno,41.0833,16.7833
San Giuliano Milanese,45.4,9.2833
Caltagirone,37.2333,14.5167
Formia,41.2564,13.6069
Cerveteri,42,12.1
Spoleto,42.7333,12.7333
Melito di Napoli,40.9167,14.2333
Caivano,40.95,14.3
Grugliasco,45.0689,7.5786
Fermo,43.1604,13.7181
Licata,37.1083,13.9469
Cisterna di Latina,41.6,12.8333
Chieri,45.0131,7.8228
Pioltello,45.5,9.3333
Rossano,39.5667,16.6333
Nuoro,40.3201,9.3281
Cassino,41.4917,13.8333
Bollate,45.55,9.1167
Casalecchio di Reno,44.4833,11.2833
Francavilla Fontana,40.5314,17.5858
Pinerolo,44.8833,7.3333
Augusta,37.2303,15.2194
Rende,39.3333,16.1833
Canicattì,37.36,13.8511
Belluno,46.1408,12.2156
Adrano,37.6625,14.8356
Cento,44.7333,11.2833
Segrate,45.49,9.2953
Limbiate,45.5972,9.13
Conegliano,45.8872,12.2969
Osimo,43.4861,13.4821
Riccione Marina,44,12.65
Lanciano,42.2312,14.3905
Mugnano di Napoli,40.9094,14.2098
Somma Vesuviana,40.8725,14.4369
Brugherio,45.5508,9.3011
Corsico,45.4333,9.1167
Gorizia,45.9352,13.6193
Formigine,44.5739,10.8478
Cernusco sul Naviglio,45.5167,9.3333
Crema,45.3667,9.6833
Arzano,40.9153,14.2681
Angri,40.7431,14.5694
Valle d'Aosta / Vallée d'Aoste,45.7372,7.3206
Casale Monferrato,45.1342,8.4583
Sant’Antimo,40.9422,14.2348
Piombino,42.9348,10.5221
Vibo Valentia,38.6753,16.0959
Termoli,42.0028,14.9947
Venaria Reale,45.1167,7.6333
Castelfranco Veneto,45.6667,11.9333
Villafranca di Verona,45.35,10.85
Lucera,41.5,15.3333
Castelfranco Emilia,44.5967,11.0528
Santa Maria Capua Vetere,41.0833,14.25
Massafra,40.5833,17.1167
Abbiategrasso,45.4009,8.9185
San Donato Milanese,45.4167,9.2667
San Lazzaro di Savena,44.4716,11.4049
Camaiore,43.9333,10.3
Favara,37.3186,13.6631
Mascalucia,37.5667,15.05
Grottaglie,40.5333,17.4333
Frattamaggiore,40.9417,14.2722
Partinico,38.05,13.1167
Gubbio,43.3518,12.5773
Oristano,39.9058,8.5916
Sarno,40.8167,14.6167
San Giuseppe Vesuviano,40.8333,14.5
Castelvetrano,37.6786,12.7917
Alba,44.6915,8.0256
San Giuliano Terme,43.7625,10.4414
Nardò,40.1797,18.0333
Avola,36.9167,15.1333
Montebelluna,45.7753,12.0389
Milazzo,38.217,15.237
Villaricca,40.9167,14.2
Ostuni,40.7322,17.5778
Manduria,40.4028,17.6342
Rosignano Marittimo,43.4,10.4667
Fabriano,43.3386,12.9085
Verbano-Cusio-Ossola,45.9228,8.5519
Marigliano,40.9333,14.45
Canosa di Puglia,41.2167,16.0667
Comiso,36.95,14.6
Treviglio,45.5214,9.5928
Rapallo,44.35,9.2333
Bra,44.7,7.85
Aci Catena,37.6,15.15
Misilmeri,38.0333,13.45
Pontedera,43.6625,10.6328
Poggibonsi,43.4667,11.15
Selargius,39.2537,9.1606
Desenzano del Garda,45.4689,10.535
Carmagnola,44.85,7.7167
Gragnano,40.6957,14.5154
Mondragone,41.1,13.8833
Alatri,41.7264,13.3422
Cervia,44.25,12.3667
Vittorio Veneto,45.9833,12.3
Assisi,43.07,12.6175
Carbonia-Iglesias,39.1668,8.522
Novi Ligure,44.7592,8.7856
San Giovanni in Persiceto,44.6408,11.185
Belpasso,37.5833,14.9833
Cecina,43.3139,10.525
San Miniato,43.6833,10.85
Boscoreale,40.775,14.475
Spinea,45.4931,12.1606
Mogliano Veneto,45.5619,12.2364
Parabiago,45.5583,8.9477
Sant’Anastasia,40.8667,14.4
Erice,38.0375,12.5875
Gioia del Colle,40.8,16.9333
Giarre,37.7297,15.1844
Chiavari,44.3164,9.3237
Tortona,44.8942,8.8656
Enna,37.5667,14.2667
Triggiano,41.0667,16.9167
San Giovanni Rotondo,41.7,15.7333
Mirano,45.5,12.1
Garbagnate Milanese,45.5771,9.0814
Terlizzi,41.1333,16.55
Scicli,36.7914,14.7025
Niscemi,37.15,14.3833
Assèmini,39.2897,9.0048
Fidenza,44.8667,10.0667
Galatina,40.1667,18.1667
Mesagne,40.5667,17.8
Iglesias,39.3103,8.5372
Chivasso,45.1833,7.8833
Putignano,40.8492,17.1225
Santeramo in Colle,40.8,16.7667
Quarrata,43.8475,10.9833
Bacoli,40.8,14.0833
Porto Sant’Elpidio,43.2586,13.7585
Noicattaro,41.0333,16.9833
Bresso,45.5333,9.1833
Pontecagnano,40.65,14.8833
Iesolo,45.5331,12.6448
Conversano,40.9667,17.1167
Vimercate,45.6167,9.3667
Albignasego,45.35,11.8667
Falconara Marittima,43.6296,13.3968
Termini Imerese,37.9833,13.7
Valdagno,45.65,11.3
Sora,41.7167,13.6167
Cesenatico,44.2012,12.4007
Giussano,45.7,9.2167
Castel Volturno,41.05,13.9167
Lainate,45.5667,9.0333
Scandiano,44.5925,10.6878
Qualiano,40.9167,14.15
Montichiari,45.4161,10.3917
Correggio,44.7717,10.7806
Francavilla al Mare,42.4181,14.2919
Arzignano,45.5203,11.3397
Roseto degli Abruzzi,42.6833,14.0167
Bagno a Ripoli,43.75,11.3167
Mola di Bari,41.0667,17.0833
Seriate,45.6847,9.7178
San Giovanni Lupatoto,45.3833,11.0333
Ruvo di Puglia,41.1173,16.4837
Vignola,44.4808,11.0022
Legnago,45.1929,11.3115
Pompei,40.75,14.5
Portogruaro,45.7833,12.8333
Mariano Comense,45.7,9.1833
Sezze,41.5,13.0667
Montevarchi,43.5234,11.5679
Fossano,44.55,7.7333
Nocera Superiore,40.7417,14.6722
Thiene,45.7072,11.4786
Sulmona,42.048,13.9262
Copertino,40.2667,18.05
Ventimiglia,43.7903,7.6083
Albenga,44.0491,8.213
Noto,36.8833,15.0833
Biancavilla,37.6453,14.8636
Magenta,45.4603,8.8766
Genzano di Roma,41.7022,12.6925
Giulianova,42.7525,13.9567
Ottaviano,40.85,14.4775
Pietrasanta,43.9452,10.2183
Mirandola,44.8873,11.066
Capoterra,39.1752,8.9709
Muggiò,45.6,9.2333
Castiglione delle Stiviere,45.4,10.5
Lentini,37.2833,15
Dalmine,45.65,9.6
Meda,45.6667,9.1667
Seveso,45.6474,9.1387
Ivrea,45.4622,7.8747
San Giovanni la Punta,37.5833,15.1
Ceccano,41.5667,13.3333
Orbassano,45,7.5333
Nova Milanese,45.5833,9.2
Montecchio Maggiore,45.5037,11.412
Fucecchio,43.7333,10.8
Mentana,42.0337,12.6444
Ortona,42.3557,14.4036
Vigonza,45.45,11.9833
Selvazzano Dentro,45.3833,11.7833
Floridia,37.0833,15.15
Palma di Montechiaro,37.1936,13.7658
Cardito,40.9362,14.2993
San Cataldo,37.4833,13.9833
Frascati,41.8167,12.6833
Ariano Irpino,41.1528,15.0889
Mondovì,44.3833,7.8167
Massarosa,43.8667,10.3333
Ginosa,40.5,16.75
Porto Torres,40.8369,8.4014
Mercato San Severino,40.7833,14.7667
Pachino,36.7167,15.1
Comacchio,44.7,12.1833
Sant’Arcangelo di Romagna,44.0633,12.4466
Sarzana,44.1136,9.96
Cortona,43.2756,11.9881
Castrovillari,39.8167,16.2
Bressanone,46.7167,11.65
Poggiomarino,40.8,14.55
Paese,45.6667,12.15
Agropoli,40.3583,14.9833
Palestrina,41.8333,12.9
Piazza Armerina,37.3833,14.3667
Borgomanero,45.7,8.4667
Isernia,41.6028,14.2397
Colle di Val d’Elsa,43.4225,11.1267
Sondrio,46.1697,9.87
Savigliano,44.65,7.6333
Argenta,44.6131,11.8364
Martellago,45.5467,12.1575
Senago,45.5833,9.1333
Palo del Colle,41.05,16.7
Casal di Principe,41.0108,14.1319
Corciano,43.129,12.2877
Anagni,41.75,13.15
San Bonifacio,45.4,11.2833
Colleferro,41.7287,13.0031
Pergine Valsugana,46.0667,11.2333
Follonica,42.9189,10.7614
Sessa Aurunca,41.2333,13.9333
Rosolini,36.8167,14.95
Recanati,43.3986,13.5525
Suzzara,44.9927,10.7494
Monsummano,43.8667,10.8167
Ferentino,41.6833,13.25
Sestu,39.2994,9.0918
Trezzano sul Naviglio,45.4333,9.0667
Vico Equense,40.6667,14.4333
Castel San Pietro Terme,44.3978,11.5894
Feltre,46.0167,11.9
Pontassieve,43.775,11.4375
Acquaviva delle Fonti,40.9,16.85
Trecate,45.4333,8.7333
Gallipoli,40.0556,17.9917
Gaeta,41.2167,13.5667
Montecatini Terme,43.8828,10.7711
Sabaudia,41.2998,13.0248
Cornaredo,45.5,9.0333
Gorgonzola,45.5333,9.4
Romano di Lombardia,45.5167,9.75
Oderzo,45.7808,12.4928
Grottaferrata,41.8,12.6667
Acri,39.5,16.3833
Veroli,41.6833,13.4167
Giovinazzo,41.1833,16.6667
Lastra a Signa,43.7667,11.1
Orvieto,42.7167,12.1
Montalto Uffugo,39.4,16.15
Rivalta di Torino,45.0333,7.5333
San Salvo,42.0455,14.7315
Cittadella,45.6486,11.7836
Bussolengo,45.4667,10.85
Ischia,40.75,13.95
Abano Terme,45.3619,11.7924
Gioia Tauro,38.4333,15.9
Casarano,40.0167,18.1667
Villabate,38.0833,13.45
Viadana,44.9267,10.52
Pallazzolo sull’Oglio,45.6,9.8833
Cormano,45.55,9.1667
Novate Milanese,45.5333,9.1333
Sacile,45.9541,12.5027
Piove di Sacco,45.2977,12.0368
Trentola,40.9762,14.1773
Ceglie Messapico,40.65,17.5167
Minturno,41.2667,13.75
Casamassima,40.95,16.9167
Monserrato,39.2568,9.1387
Salsomaggiore Terme,44.8167,9.9833
Sant’Antonio Abate,40.7333,14.55
Acqui Terme,44.6761,8.4686
Pescia,43.9017,10.6898
Castellana Grotte,40.8838,17.1679
Pozzallo,36.7303,14.8467
Adria,45.05,12.05
Anguillara Sabazia,42.0883,12.2775
Tolentino,43.2086,13.2841
Spoltore,42.455,14.1399
Arese,45.5531,9.0775
Narni,42.5167,12.5167
Casalgrande,44.5898,10.7394
Rovato,45.5642,9.9997
Bracciano,42.1,12.1833
Noci,40.8,17.1333
San Vito dei Normanni,40.6556,17.7036
Cassano d’Adda,45.5333,9.5167
San Mauro Torinese,45.1039,7.7536
Bronte,37.8,14.8333
Chiari,45.5197,9.8833
Zola Predosa,44.4883,11.2181
Santa Marinella,42.0333,11.85
Signa,43.7833,11.1
Tradate,45.7,8.9167
Ariccia,41.7167,12.6667
Scorzè,45.5719,12.1089
Ribera,37.4994,13.265
Valenza,45.014,8.6458
Cusano Milanino,45.55,9.1833
Montemurlo,43.9278,11.04
Ghedi,45.402,10.2803
Marsciano,42.9167,12.3333
Ciriè,45.2333,7.6
Palmi,38.3667,15.85
Castelfidardo,43.4642,13.5461
Rutigliano,40.9333,16.9
Terzigno,40.8,14.5
Aci Castello,37.55,15.15
Melzo,45.5,9.4167
Budrio,44.5374,11.5344
Borgo San Lorenzo,43.9555,11.3856
Castel Maggiore,44.5778,11.3617
Sestri Levante,44.2733,9.3932
Piossasco,44.9833,7.4667
Corbetta,45.4667,8.9167
Capua,41.1056,14.2139
Cassano al Ionio,39.7839,16.3189
Domodossola,46.1161,8.2911
Siderno Marina,38.2667,16.3
Palma Campania,40.8667,14.55
Cordenons,45.9833,12.7
Melegnano,45.3667,9.3167
Aci Sant’Antonio,37.6059,15.126
Valguarnera Caropepe,37.5,14.3833
Polignano a Mare,40.9961,17.2203
Cercola,40.8667,14.35
Laives,46.4276,11.3405
Carate Brianza,45.6833,9.2333
Valenzano,41.05,16.8833
Grumo Nevano,40.9333,14.2667
Zagarolo,41.8333,12.8333
Somma Lombardo,45.6833,8.7
Arcore,45.6333,9.3167
Calenzano,43.8567,11.1636
Albino,45.7606,9.7969
Villorba,45.7333,12.2333
Melfi,40.9964,15.6558
Beinasco,45.0228,7.5878
Forio,40.7333,13.85
Isola Capo Rizzuto,38.9667,17.1
Agliana,43.9,11
Santa Maria di Sala,45.5089,12.0363
Savignano sul Rubicone,44.0881,12.3933
Carlentini,37.2833,15.0167
Arco,45.9167,10.8833
Sona,45.4333,10.8333
Policoro,40.2,16.6667
Orta Nova,41.3308,15.7114
Pisticci,40.3833,16.55
Maranello,44.5256,10.8664
Monselice,45.2333,11.75
Sìnnai,39.3026,9.2031
Tricase,39.9333,18.3667
Pianoro,44.3833,11.3333
Marcon,45.5543,12.2994
Pavullo nel Frignano,44.3327,10.8331
Bareggio,45.4667,8.9833
Castelfiorentino,43.6108,10.97
Pescantina,45.4833,10.8667
Rocca di Papa,41.7667,12.7167
Cattolica,43.9584,12.7386
Nerviano,45.55,8.9833
San Casciano in Val di Pesa,43.6569,11.1858
Campagna,40.6666,15.1064
Sant’Elpidio a Mare,43.2295,13.6861
Carovigno,40.7072,17.6594
Fiorano Modenese,44.5392,10.8117
Negrar,45.5333,10.9333
Torre Maggiore,41.6833,15.2833
Castellaneta,40.6333,16.9333
San Giovanni in Fiore,39.2642,16.7003
Baronissi,40.75,14.78
Vimodrone,45.5139,9.2844
Adelfia,41,16.8667
Saluzzo,44.6453,7.4906
Preganziol,45.6,12.2333
Bovisio Masciago,45.6167,9.15
Scordia,37.3,14.85
San Giovanni Valdarno,43.5644,11.5328
Alpignano,45.1,7.5167
Malnate,45.8,8.8833
Vedelago,45.6833,12.0167
Bagnacavallo,44.4169,11.9761
Medicina,44.4833,11.6333
Giaveno,45.0333,7.35
Porto Empedocle,37.2944,13.5272
Colle Salvetti,43.6,10.4833
Gussago,45.6,10.15
Palagonia,37.3333,14.75
Monesiglio,44.4667,8.1167
Todi,42.7833,12.4167
Brunico,46.7994,11.9343
Reggello,43.6833,11.5333
Umbertide,43.3056,12.3366
Cerea,45.1894,11.2166
Lonigo,45.3833,11.3833
Rubano,45.4333,11.7833
Sorrento,40.6278,14.3736
Leinì,45.1836,7.7153
Brusciano,40.9224,14.4239
Este,45.2333,11.6667
Ispica,36.7853,14.9069
Copparo,44.9,11.8333
Tarquinia,42.2492,11.7561
Civita Castellana,42.2961,12.41
Caravaggio,45.4978,9.6431
Saviano,40.9167,14.5167
Cadoneghe,45.45,11.9333
Grottammare,42.9891,13.8681
Codroipo,45.9614,12.9774
Frattaminore,40.9556,14.2708
Palagiano,40.5833,17.05
Bovolone,45.25,11.1333
Sava,40.4003,17.5667
Valmontone,41.7833,12.9167
Porto San Giorgio,43.1848,13.7955
Certaldo,43.5478,11.0411
Samarate,45.6167,8.7833
Noale,45.5501,12.0709
Martinsicuro,42.8851,13.916
Nonantola,44.6777,11.043
Codogno,45.16,9.705
Lentate sul Seveso,45.6833,9.1167
Sansepolcro,43.5756,12.1439
Mottola,40.6333,17.0333
Potenza Picena,43.3663,13.6203
Azzano Decimo,45.8833,12.7167
Paola,39.3667,16.0333
Silvi Paese,42.55,14.1167
Fiano Romano,42.1667,12.6
Galliate,45.4833,8.7
Capurso,41.05,16.9167
Concorezzo,45.5897,9.3359
Molinella,44.6167,11.6667
Finale Emilia,44.8319,11.2957
Besana in Brianza,45.7,9.2833
Altopascio,43.8167,10.6747
San Cesareo,41.8167,12.8
Galatone,40.15,18.0667
Agrate Brianza,45.5783,9.3522
Ponsacco,43.6167,10.6333
Taurianova,38.35,16.0167
Carugate,45.55,9.3333
San Martino Buon Albergo,45.4167,11.1
Castiglione del Lago,43.1271,12.0452
Volpiano,45.2,7.7833
Casalmaggiore,44.9858,10.4147
Valeggio sul Mincio,45.35,10.7333
Castenaso,44.5097,11.4706
Mortara,45.25,8.75
Corridonia,43.2482,13.5075
Castellarano,44.5139,10.7339
Pianezza,45.1042,7.55
Soliera,44.7381,10.9245
Omegna,45.8781,8.4069
Casalpusterlengo,45.1778,9.65
Fiorenzuola d’Arda,44.9333,9.9
Sannicandro Garganico,41.8333,15.5667
Cerro Maggiore,45.6,8.95
Castellammare del Golfo,38.0192,12.8858
Laterza,40.6333,16.8
Surbo,40.4,18.1333
San Giorgio Ionico,40.45,17.3667
San Vito al Tagliamento,45.9153,12.8556
Zevio,45.3728,11.1303
Castelnuovo Rangone,44.5519,10.9358
Città Sant’Angelo,42.5167,14.05
Guastalla,44.9214,10.6542
Dolo,45.4249,12.0758
Gualdo Tadino,43.2333,12.7833
Pineto,42.6167,14.0667
Pontinia,41.4083,13.0443
Sasso Marconi,44.4,11.25
Merate,45.7,9.4333
Malo,45.6582,11.4047
Rubiera,44.65,10.7833
Sorso,40.7983,8.5772
Magione,43.15,12.2
Sommacampagna,45.4,10.85
Cirò Marina,39.3667,17.1167
Rosarno,38.485,15.9797
Cassano delle Murge,40.8833,16.7667
Orbetello,42.4394,11.2125
Chiaravalle,43.5997,13.3257
Ospitaletto,45.5553,10.0733
Campodarsego,45.5,11.9167
Carmignano,43.8103,11.0149
Vinci,43.7833,10.9167
Trinitapoli,41.35,16.1
Collecchio,44.7527,10.2157
Cossato,45.5667,8.1667
Santa Croce sull’ Arno,43.7202,10.7727
Riposto,37.7333,15.2
Impruneta,43.6854,11.2544
Pedara,37.6167,15.0667
Sant’Arpino,40.9575,14.2492
Roncade,45.6246,12.3766
Urbino,43.7252,12.6372
Trepuzzi,40.4,18.0667
Rosà,45.7167,11.7667
Luino,46,8.75
Latiano,40.5333,17.7167
Priverno,41.4667,13.1833
Castellanza,45.6167,8.9
Leno,45.3703,10.2167
Mascali,37.7578,15.1958
Cefalù,38.0395,14.0221
Taglio,45.0167,12.2167
Massalubrense,40.6167,14.35
Mondolfo,43.7517,13.0956
Montelupo Fiorentino,43.7333,11.0167
Bondeno,44.8894,11.4154
Maglie,40.1167,18.3
Locorotondo,40.75,17.3167
Rescaldina,45.6167,8.95
Solaro,45.615,9.0839
Fiesole,43.8,11.3
Leverano,40.2833,18.0833
Oleggio,45.6,8.6333
Casandrino,40.9333,14.25
Artena,41.7333,12.9167
Tempio Pausania,40.9015,9.1044
Marostica,45.7456,11.6553
Squinzano,40.4333,18.05
Vetralla,42.3106,12.0792
Villacidro,39.4578,8.7424
Santa Maria a Vico,41.0333,14.4833
Taggia,43.8439,7.8509
Montepulciano,43.1,11.7833
Amantea,39.1333,16.0667
Villasanta,45.6053,9.3033
Fisciano,40.7667,14.8
Arona,45.7569,8.56
Caselle Torinese,45.1833,7.65
Veglie,40.3333,17.9667
Vieste,41.8833,16.1667
Travagliato,45.524,10.0797
Monteroni di Lecce,40.3333,18.1
Fara in Sabina,42.2167,12.7333
Cervignano del Friuli,45.8231,13.335
Calolziocorte,45.8,9.4333
Opera,45.3833,9.2167
Busto Garolfo,45.5478,8.8867
Cassina de’ Pecchi,45.5167,9.3667
San Ferdinando di Puglia,41.3,16.0667
Statte,40.5667,17.2
Dueville,45.6333,11.55
Cavarzere,45.137,12.0817
Castel San Giorgio,40.7833,14.7
Castel San Giovanni,45.0591,9.4342
Arzachena,41.0801,9.388
Novellara,44.85,10.7333
Crispiano,40.6,17.2333
Villa San Giovanni,38.2167,15.6333
Alzano Lombardo,45.7317,9.7283
Nicosia,37.75,14.4
San Marco in Lamis,41.7117,15.635
Lanuvio,41.6833,12.7
Rezzato,45.515,10.3175
San Pietro Vernotico,40.4833,18.05
Melilli,37.1833,15.1167
Montesarchio,41.0667,14.6333
Crevalcore,44.7167,11.15
Montefiascone,42.5333,12.0333
Montespertoli,43.65,11.0833
Latisana,45.7833,13
Lariano,41.7333,12.8333
Varedo,45.6,9.1667
Lavello,41.05,15.8
Misano Adriatico,43.9667,12.7
Castelfranco di Sotto,43.7,10.75
Sarezzo,45.65,10.2
Capo d’Orlando,38.15,14.7333
Forlimpopoli,44.1833,12.1333
Grammichele,37.2167,14.6333
Patti,38.1333,14.9667
Rionero in Vulture,40.9167,15.6667
Quartucciu,39.2529,9.1762
Castiglion Fiorentino,43.3439,11.9189
Calderara di Reno,44.5639,11.2719
Quattro Castella,44.6333,10.4667
Sant’Angelo Lodigiano,45.2389,9.4097
Palombara Sabina,42.0667,12.7667
Apricena,41.7846,15.4436
Cairo Montenotte,44.3979,8.2778
Castelnuovo di Verona,45.4333,10.7667
Pontecorvo,41.4626,13.6676
Camponogara,45.3833,12.0667
Varazze,44.36,8.5766
Stezzano,45.6508,9.6528
Múggia,45.6,13.7667
Manerbio,45.3667,10.1333
Leonforte,37.65,14.4
San Martino di Lupari,45.6557,11.8594
Ficarazzi,38.0923,13.4639
Formello,42.0833,12.4
Santa Maria a Monte,43.7,10.6833
Casatenovo,45.6983,9.3117
Casale sul Sile,45.5988,12.3243
Campiglia Marittima,43.0667,10.6167
Vigodarzere,45.45,11.8833
Piano di Sorrento,40.6333,14.4111
San Biagio di Callalta,45.6867,12.3815
Seravezza,44,10.2333
Barrafranca,37.3667,14.2
Carpenedolo,45.3654,10.4323
Noceto,44.8167,10.1833
Trebaseleghe,45.5833,12.05
Salzano,45.5333,12.1167
Cicciano,40.9667,14.5333
Calcinato,45.4581,10.4146
Chiampo,45.55,11.2833
Montegranaro,43.2332,13.6322
Santo Stino di Livenza,45.7333,12.6833
Lipari,38.4673,14.9554
Tezze sul Brenta,45.6862,11.7042
Cavallino,40.3102,18.2022
Loreto,43.4403,13.6074
Spilamberto,44.5333,11.0167
Monte di Procida,40.8,14.05
Grumo Appula,41.0167,16.7
Monte San Giovanni Campano,41.6333,13.5167
Lauria Inferiore,40.0472,15.8358
Montecorvino Rovella,40.7,14.9833
Monteprandone,42.9203,13.8355
Bagnolo Mella,45.43,10.1854
Borgosesia,45.7169,8.2764
Francofonte,37.2333,14.8833
Raffadali,37.4047,13.5339
Figline Valdarno,43.6167,11.4667
Sala Consilina,40.4,15.6
Castel Goffredo,45.2981,10.475
Lavagna,44.3122,9.3417
Porto Recanati,43.4299,13.6649
Avigliana,45.0794,7.3961
Calcinaia,43.6835,10.6165
Canegrate,45.5667,8.9333
Sinalunga,43.2167,11.7333
Rivarolo Canavese,45.3333,7.7167
Terrasini Favarotta,38.15,13.0833
Fontanafredda,45.9667,12.5667
Fagnano Olona,45.6667,8.8667
Borgo San Dalmazzo,44.3333,7.4833
Menfi,37.6078,12.9686
Solofra,40.8333,14.85
San Severino Marche,43.2289,13.1771
Bernalda,40.4167,16.6833
Olgiate Olona,45.6333,8.8833
Orzinuovi,45.4,9.9333
San Pietro in Casale,44.7,11.4
Ugento,39.9333,18.1667
Morbegno,46.1333,9.5667
Sant’Agata di Militello,38.0667,14.6333
Mercogliano,40.9231,14.7428
Locri,38.2333,16.2667
Pianiga,45.4583,12.008
Monte Sant’Angelo,41.7,15.9667
San Prisco,41.0833,14.2833
Anzola dell’Emilia,44.5472,11.1956
Russi,44.3764,12.0334
Teano,41.25,14.0667
Gricignano d’Aversa,40.9833,14.2333
Terranuova Bracciolini,43.5531,11.5894
Lana,46.6167,11.1667
Eraclea,45.5833,12.6833
Cinisi,38.1667,13.1
Sedriano,45.4833,8.9667
Rottofreno,45.0579,9.5489
Gavardo,45.5875,10.4389
Motta Sant’Anastasia,37.5,14.9667
Villa Literno,41.0096,14.0741
Calvizzano,40.9,14.1833
Bibbiena,43.6975,11.8144
Biassono,45.6306,9.2744
Spilimbergo,46.1114,12.9017
Spresiano,45.7833,12.25
Monte Compatri,41.8081,12.7372
Trezzo sull’Adda,45.6,9.5167
Vecchiano,43.7833,10.3833
Carmiano,40.3461,18.0461
Rocca Priora,41.7833,12.7667
Pieve di Soligo,45.8833,12.1667
Camposampiero,45.5667,11.9333
Granarolo del l’Emilia,44.5542,11.4439
Altavilla Vicentina,45.5164,11.4597
Bitetto,41.0333,16.75
Baranzate,45.5167,9.1
Arluno,45.5,8.9333
Occhiobello,44.9216,11.5812
Cornedo Vicentino,45.6167,11.35
Taviano,39.9833,18.0833
Ronchi dei Legionari,45.8333,13.5
Portoferraio,42.8167,10.3167
Alfonsine,44.5061,12.0411
Lizzanello,40.3047,18.2228
Monteforte Irpino,40.8928,14.7194
Borgaro Torinese,45.15,7.65
San Mauro Pascoli,44.1,12.4167
San Gennaro Vesuviano,40.8667,14.5333
Giffoni Valle Piana,40.7167,14.9333
Priolo Gargallo,37.1667,15.1833
San Gregorio di Catania,37.5667,15.1167
Mazzarino,37.3,14.2
Susegana,45.85,12.25
Amelia,42.5535,12.4168
San Michele al Tagliamento,45.7636,12.9953
Sant’Ambrogio di Valpolicella,45.5209,10.8362
Lonate Pozzolo,45.6,8.75
Margherita di Savoia,41.3667,16.15
Taurisano,39.95,18.1667
Campobello di Mazara,37.6333,12.75
Tortoreto,42.8,13.9167
Maniago,46.1667,12.7167
Codigoro,44.8333,12.1167
Venosa,40.9667,15.8167
Fiume Veneto,45.9333,12.7333
Guspini,39.54,8.6267
Lendinara,45.085,11.6006
Serravalle Pistoiese,43.9,10.8333
Torri di Quartesolo,45.5167,11.6167
Casteldaccia,38.05,13.5333
Stradella,45.0833,9.3
Olgiate Comasco,45.7833,8.9667
Portomaggiore,44.7,11.8
Finale Ligure,44.1691,8.3435
Caorle,45.6003,12.8876
Valmadrera,45.8463,9.3582
Campagnano di Roma,42.1333,12.3833
Cisternino,40.75,17.4167
Capaci,38.1667,13.2333
Isola della Scala,45.2667,11.1333
Gardone Val Trompia,45.6833,10.1833
Siniscola,40.5743,9.6963
Nembro,45.7439,9.7594
Pulsano,40.3842,17.3547
Ponte San Pietro,45.6978,9.5881
Mestrino,45.45,11.7667
Isola del Liri,41.6833,13.5667
Castenedolo,45.4704,10.2967
Arenzano,44.4035,8.6827
Ravanusa,37.2678,13.9697
Musile di Piave,45.6178,12.565
Montegrotto Terme,45.3333,11.7833
Matino,40.0333,18.1333
Paullo,45.4167,9.4
Casièr,45.6436,12.2953
Riesi,37.2833,14.0833
Cave,41.8167,12.9333
Creazzo,45.5333,11.4833
Ovada,44.6392,8.6464
Avigliano,40.7333,15.7167
Zero Branco,45.6,12.1667
Acate,37.0253,14.4925
Paceco,37.9833,12.55
Castelvetro di Modena,44.5067,10.9472
Bitritto,41.05,16.8333
Caldogno,45.6118,11.5076
Sant’Ilario d’Enza,44.7667,10.45
Camisano Vicentino,45.5167,11.7167
Melito di Porto Salvo,37.9167,15.7833
Belmonte Mezzagno,38.05,13.3833
La Maddalena,41.2142,9.4083
Castano Primo,45.55,8.7667
Loano,44.129,8.2598
San Giustino,43.55,12.1833
Santa Flavia,38.0833,13.5333
Venafro,41.4833,14.05
Piazzola sul Brenta,45.5333,11.7667
Carbonera,45.6833,12.2833
Cologno al Serio,45.5833,9.7
Cividale del Friuli,46.0905,13.435
Sant’Antìoco,39.0654,8.454
Sant’Agata de’ Goti,41.0893,14.4974
Montopoli in Val d’Arno,43.6744,10.7503
Sesto Calende,45.7333,8.6333
Cerese,45.1167,10.7833
Corleone,37.8167,13.3
Pellezzano,40.7333,14.7667
Aulla,44.2167,9.9667
Tortolì,39.9333,9.65
Trecastagni,37.6167,15.0833
Scalea,39.8167,15.8
Cepagatti,42.3658,14.0767
Racale,39.9667,18.1
Castel Mella,45.5,10.15
Cerreto Guidi,43.7617,10.8771
Montechiarugolo,44.6934,10.4224
Atripalda,40.9167,14.8256
Monte San Pietro,44.4578,11.199
Santa Croce Camerina,36.8272,14.5239
Inzago,45.5333,9.4833
Bertinoro,44.15,12.1333
San Valentino Torio,40.7911,14.6033
Cazzago San Martino,45.5817,10.0258
Barberino di Mugello,44,11.2333
Cameri,45.5,8.65
Trofarello,44.9833,7.7333
Cori,41.65,12.9167
Celano,42.0843,13.5478
Taormina,37.85,15.3
Gemona del Friuli,46.2833,13.1333
Ramacca,37.3833,14.7
Botticino Sera,45.5339,10.3078
Medesano,44.7568,10.1403
Grezzana,45.5167,11.0167
San Felice sul Panaro,44.8393,11.1413
Motta di Livenza,45.7797,12.6086
Capena,42.1403,12.5403
Alassio,44.0079,8.173
Montale,43.9333,11.0167
Randazzo,37.8833,14.95
Itri,41.2833,13.5333
Trevignano,45.7335,12.094
Alberobello,40.7841,17.2375
Cornate d’Adda,45.65,9.4667
Gambettola,44.1167,12.3333
Cadelbosco di Sopra,44.7667,10.6
Campolongo Maggiore,45.3305,12.0483
Salemi,37.8167,12.8
Massa Lombarda,44.45,11.8167
Salò,45.6,10.5333
Peschiera del Garda,45.4386,10.6886
Atessa,42.0667,14.45
Montecchio Emilia,44.6986,10.4486
Poirino,44.9167,7.85
Ozieri,40.5849,9.0033
Martinengo,45.5704,9.7674
Mussomeli,37.5833,13.75
Coriano,43.9691,12.6006
Fiuggi,41.8,13.2167
Torre Santa Susanna,40.4667,17.7333
Macerata Campania,41.0667,14.2667
San Marzano sul Sarno,40.7697,14.5947
Castelnovo ne’ Monti,44.4333,10.4
Procida,40.7667,14.0333
Cutro,39.0342,16.9819
Castelli Calepio,45.6333,9.9
Canelli,44.7208,8.2928
Trabia,38,13.65
Partanna,37.7289,12.8894
Bordighera,43.7789,7.6721
Cislago,45.65,8.9667
Polistena,38.4,16.0667
Concordia Sagittaria,45.7667,12.85
Valdobbiadene,45.9,11.9167
Badia Polesine,45.094,11.4934
Langhirano,44.6167,10.2667
Rignano Flaminio,42.2,12.4833
Campi Salentina,40.4,18.0167
Nizza Monferrato,44.7747,8.355
Mandello del Lario,45.9167,9.3167
San Maurizio Canavese,45.2171,7.6305
Montignoso,44.0167,10.1667
Usmate Velate,45.65,9.35
Volterra,43.4,10.8667
Cittanova,38.35,16.0833
Induno Olona,45.85,8.8333
Boscotrecase,40.7833,14.4667
Isola Vicentina,45.6333,11.45
Bibbiano,44.6629,10.4739
Conselve,45.2333,11.8667
Goito,45.25,10.6667
Altofonte,38.05,13.3
Locate di Triulzi,45.35,9.2167
Volpago del Montello,45.7833,12.1167
Terralba,39.7197,8.6363
Bomporto,44.7333,11.0333
Silea,45.6547,12.2967
Vigasio,45.3167,10.9333
Capodrise,41.05,14.3
Lerici,44.0763,9.9111
Bisignano,39.5073,16.2811
Bagnara Calabra,38.2833,15.8167
Sedico,46.1167,12.1
Cingoli,43.3742,13.2164
Busca,44.5167,7.4667
Novi di Modena,44.8934,10.901
Bucine,43.4775,11.6158
Sermoneta,41.55,12.9833
Asola,45.2167,10.4167
Vaiano,43.9667,11.1167
San Giorgio del Sannio,41.0667,14.85
Sovicille,43.2833,11.2333
Morrovalle,43.3146,13.5806
San Felice Circeo,41.2353,13.0956
Tolmezzo,46.4,13.0167
Poggio a Caiano,43.8167,11.0667
Cetraro,39.5,15.95
Bonate di Sopra,45.6819,9.5586
Macomer,40.2644,8.7751
Oppeano,45.3,11.1833
Verucchio,43.9833,12.4215
Barano d’Ischia,40.7167,13.9167
Melendugno,40.2667,18.3333
Vigonovo,45.3852,12.0074
Lizzano,40.3919,17.4483
Meldola,44.1333,12.0667
Castelletto sopra Ticino,45.7167,8.6333
San Vendemiano,45.8914,12.3389
Racconigi,44.7667,7.6833
Castellamonte,45.3819,7.7106
Monteriggioni,43.4,11.2167
Lomazzo,45.7,9.0333
Cavriago,44.6956,10.5274
Gambolò,45.2586,8.8647
Quinto di Treviso,45.65,12.1667
Urgnano,45.5972,9.695
Sannicandro di Bari,41,16.8
Barga,44.075,10.4817
Casaluce,41.002,14.1983
Siano,40.8025,14.6944
San Pancrazio Salentino,40.4167,17.8333
Montescaglioso,40.55,16.6667
Montemarciano,43.6399,13.3104
Fino Mornasco,45.75,9.0333
Argelato,44.6425,11.3486
Crosia,39.5667,16.7667
Campobello di Licata,37.2594,13.9192
Lurate Caccivio,45.7667,9
Mori,45.8513,10.9817
Trescore Balneario,45.7,9.85
Castrolibero,39.3167,16.2
Garlasco,45.2,8.9167
Poggio Renatico,44.765,11.4833
Boves,44.3333,7.55
Conselice,44.5167,11.8333
Sant’Egidio alla Vibrata,42.8333,13.7167
Ruffano,39.9833,18.25
Cuorgnè,45.3833,7.65
Deruta,42.9833,12.4167
Dolianova,39.3785,9.1784
Recco,44.3621,9.1435
Matelica,43.2566,13.0096
Porto Tolle,44.95,12.3167
Bellinzago Novarese,45.5833,8.6333
Castel Bolognese,44.3167,11.8
Santo Stefano di Magra,44.1625,9.9151
Mareno di Piave,45.8409,12.352
Zafferana Etnea,37.6833,15.1
Sorbolo,44.8463,10.4486
Gassino Torinese,45.1333,7.8167
Nepi,42.2436,12.3464
Elmas,39.2679,9.05
Cavriglia,43.5216,11.4864
Piombino Dese,45.6,11.9333
Marano Vicentino,45.7,11.4333
Resana,45.6333,11.95
Fiumefreddo di Sicilia,37.7915,15.2092
Mendicino,39.2628,16.1945
Traversetolo,44.6399,10.3818
Castelleone,45.2958,9.7609
Foiano della Chiana,43.2567,11.8164
Capriolo,45.6373,9.9336
San Giovanni in Marignano,43.9393,12.7137
Fossombrone,43.689,12.8061
Broni,45.0619,9.2611
Aragona,37.4074,13.6189
Santa Teresa di Riva,37.94,15.3625
Aradeo,40.1333,18.1333
Gavirate,45.85,8.7167
Maserada sul Piave,45.75,12.3167
Pasian di Prato,46.05,13.2
Loria,45.7333,11.8667
Giardini,37.8333,15.2667
Filottrano,43.4344,13.3503
Pizzo,38.7333,16.1667
Mosciano Sant’Angelo,42.75,13.8833
Treia,43.3114,13.3131
Brugnera,45.9,12.5333
Carignano,44.9058,7.6725
Borgosatollo,45.4761,10.24
Vignate,45.5,9.3667
Villa Castelli,40.5833,17.4833
Belvedere Marittimo,39.6167,15.8667
Castellabate,40.2792,14.9517
San Marzano di San Giuseppe,40.45,17.5
Vanzago,45.5333,9
Cherasco,44.65,7.8667
Luzzi,39.45,16.2833
Troina,37.7833,14.6
Istrana,45.6833,12.1
Segni,41.6833,13.0167
Cermenate,45.7,9.0833
Folignano,42.821,13.6329
Iseo,45.6586,10.0536
Magnago,45.5792,8.8025
Santa Lucia di Piave,45.85,12.2833
Vittuone,45.4833,8.95
Costa Volpino,45.8306,10.0992
Inverigo,45.7333,9.2167
Gaggiano,45.4048,9.0349
Podenzano,44.95,9.6833
Savignano sul Panaro,44.4833,11.0333
Maserà di Padova,45.3167,11.8667
Sant’Agnello,40.6294,14.3996
Santa Margherita Ligure,44.3349,9.2101
Cogoleto,44.3896,8.6462
Vaprio d’Adda,45.5667,9.5333
Reggiolo,44.9167,10.8167
Serramanna,39.4228,8.9217
Gonzaga,44.95,10.8167
Soverato Marina,38.6833,16.55
Trebisacce,39.8667,16.5333
Asolo,45.8,11.9167
Castagneto Carducci,43.1667,10.6
Martano,40.2,18.3
Malalbergo,44.7194,11.5331
Castelnuovo Berardenga,43.3472,11.5042
Aviano,46.0667,12.5833
Oggiono,45.7833,9.35
Roccastrada,43.0097,11.1683
Petilia Policastro,39.1167,16.7833
Monteroni d’Arbia,43.2333,11.4167
San Sebastiano al Vesuvio,40.8333,14.3667
Colorno,44.93,10.3758
Tirano,46.2164,10.1689
Parabita,40.05,18.1333
Sorisole,45.7375,9.6564
Cesa,40.9667,14.2333
Pandino,45.4,9.55
Civitella in Val di Chiana,43.4053,11.7706
Monticello Conte Otto,45.6,11.5833
Montagnana,45.2333,11.4658
Noventa Vicentina,45.2833,11.5333
Teolo,45.35,11.6667
Besozzo,45.85,8.6667
Gatteo,44.1,12.3833
Montalto di Castro,42.3514,11.6078
Roccapiemonte,40.7617,14.6933
Mozzate,45.6833,8.95
Lavis,46.139,11.1123
Guardiagrele,42.1892,14.2216
Tarcento,46.2167,13.2167
Luzzara,44.9667,10.6833
Lacchiarella,45.325,9.14
Cutrofiano,40.1333,18.2
Legnaro,45.35,11.9667
Zogno,45.7939,9.6656
Castel Gandolfo,41.7469,12.6519
Ponte Buggianese,43.8408,10.7475
Monteforte d’Alpone,45.4167,11.2833
Subiaco,41.9333,13.1
Soresina,45.2865,9.857
Porcari,43.8415,10.6163
Bovalino Marina,38.15,16.1667
Ala,45.75,11
Flero,45.4835,10.1745
Felino,44.6953,10.2416
Minervino Murge,41.1,16.0833
La Loggia,44.9667,7.6667
Albinea,44.6167,10.6
Ceprano,41.55,13.5167
Brandizzo,45.1833,7.8333
Gessate,45.55,9.4333
Campogalliano,44.6904,10.8389
Farra di Soligo,45.8833,12.1167
Vestignè,45.3833,7.95
Orte,42.4603,12.3861
Borgoricco,45.5336,11.9659
Triuggio,45.6667,9.2667
Minerbio,44.6175,11.4717
Torre Boldone,45.7167,9.7
San Giorgio di Piano,44.65,11.3833
Zanica,45.6394,9.6842
Monte Porzio Catone,41.8167,12.7167
Rignano sull’Arno,43.7237,11.4507
Vergiate,45.7167,8.7
Trissino,45.5667,11.3667
Missaglia,45.7,9.3333
Morlupo,42.1435,12.5047
Lequile,40.3,18.1333
Castelbuono,37.9306,14.0883
Laveno-Mombello,45.9089,8.6204
Casorate Primo,45.3167,9.0167
Viagrande,37.6167,15.1
Monte San Savino,43.3303,11.7308
Erchie,40.4333,17.7333
Palazzolo Acreide,37.0617,14.9028
Coccaglio,45.5633,9.9783
Pianella,42.4,14.05
Vicopisano,43.6991,10.5831
Volvera,44.95,7.5
San Giuseppe Iato,37.9667,13.1833
Roverbella,45.2667,10.7667
Clusone,45.8833,9.95
Inveruno,45.5167,8.85
Bruino,45.0167,7.4667
Casapulla,41.0667,14.2833
Dorgali,40.2916,9.5876
San Gavino Monreale,39.5499,8.7916
Ferrandina,40.5,16.45
Breganze,45.7,11.5667
Gavorrano,42.925,10.9083
Spello,42.9833,12.6667
Castelnuovo di Porto,42.1278,12.5
Sortino,37.1667,15.0333
Chiusi,43.0167,11.95
Santa Venerina,37.6833,15.1333
Brembate,45.6,9.55
Cagli,43.547,12.6473
Galbiate,45.8,9.3833
Calvisano,45.3489,10.3458
Ittiri,40.5908,8.5695
Ronciglione,42.2894,12.2147
Boville Ernica,41.6425,13.474
Striano,40.8167,14.5667
Santhià,45.3667,8.1667
Zoppola,45.9667,12.7667
Fermignano,43.6766,12.645
Pietra Ligure,44.1487,8.2828
Villafranca Tirrena,38.2333,15.4333
Cologna Veneta,45.3167,11.3833
Medio Campidano,39.5611,8.9
Castelnovo di Sotto,44.8167,10.5667
Sandrigo,45.6667,11.6
Nogara,45.1833,11.0667
Castegnato,45.5631,10.115
Concordia sulla Secchia,44.9124,10.9826
Prata di Pordenone,45.8944,12.5886
Pogliano Milanese,45.5333,9
Casarsa della Delizia,45.95,12.85
Caprino Veronese,45.6,10.8
Tombolo,45.6469,11.8281
Airola,41.0587,14.5592
Calusco d’Adda,45.6833,9.4833
Bientina,43.7072,10.6206
Sala Bolognese,44.6303,11.2761
Vado Ligure,44.2692,8.4361
Tuscania,42.4214,11.8719
Pino Troinese,45.0435,7.7726
Trevi,42.8933,12.7617
Vallo della Lucania,40.2333,15.2667
Ponte di Piave,45.7167,12.4667
Toritto,41,16.6833
San Damiano d’Asti,44.8344,8.0647
Castelnuovo di Magra,44.0994,10.0178
Piovene Rocchette,45.7667,11.4333
Fiesso d’Artico,45.4167,12.0333
Altavilla Milicia,38.0422,13.5503
San Sperate,39.3575,9.0083
Serramazzoni,44.4167,10.8
Cuggiono,45.5,8.8167
Soriano nel Cimino,42.4194,12.2342
Massa Marittima,43.05,10.8936
Taglio di Po,45,12.2167
Fabrica di Roma,42.3347,12.3003
Salice Salentino,40.3833,17.9667
Ponte nell’Alpi,46.183,12.2791
Albano Sant’Alessandro,45.6858,9.7678
Sirmione,45.4694,10.6061
Decimomannu,39.3112,8.9703
Agira,37.65,14.5167
Monte Urano,43.206,13.6721
Vicchio,43.9333,11.4667
Petrosino,37.7127,12.4996
Boiano,41.4833,14.4667
Verolanuova,45.3258,10.0758
Capriate San Gervasio,45.6089,9.5281
San Cesario di Lecce,40.3,18.1667
Fusignano,44.4667,11.95
Paliano,41.8,13.05
Cariati,39.4963,16.955
Racalmuto,37.4083,13.7347
Rivolta d’Adda,45.4667,9.5167
Caccamo,37.9333,13.6667
Rossano Veneto,45.7067,11.8069
Solarino,37.1,15.1167
Chiaramonte Gulfi,37.0333,14.7
Vobarno,45.641,10.5045
Fuscaldo,39.4167,16.0333
Quarto d’Altino,45.5786,12.3727
Cervaro,41.4828,13.9022
Leporano,40.3822,17.3343
Verdello,45.605,9.6297
Campomarino,41.9567,15.0344
Fontaniva,45.6376,11.7522
Villa Guardia,45.7833,9.0167
Novoli,40.3833,18.05
Fara Gera d’Adda,45.55,9.5333
None,44.9333,7.5333
Montorio al Vomano,42.5833,13.6333
Grottaminarda,41.0708,15.0597
Caerano di San Marco,45.7853,12.0042
Levico Terme,46.0167,11.3
Gattinara,45.6167,8.3667
San Daniele del Friuli,46.15,13.0167
Monte San Giusto,43.2379,13.5946
Pisogne,45.8108,10.1081
Motta Visconti,45.2833,9
Maracalagonis,39.2862,9.2289
Casteltermini,37.5417,13.6453
Tavullia,43.898,12.7532
Borgonovo Val Tidone,45.0167,9.45
San Giovanni Gemini,37.6292,13.6417
Meta,40.6417,14.4167
Cellole,41.2,13.85
Cartoceto,43.7643,12.8832
Bosa,40.299,8.4978
Limena,45.4667,11.85
Mariglianella,40.9167,14.4333
Portico di Caserta,41.05,14.2833
Marnate,45.6333,8.9
Campoformido,46.0167,13.1667
Gravellona Toce,45.9333,8.4333
Cumiana,44.9833,7.3667
Colico,46.1333,9.3667
Arcugnano,45.5004,11.5353
Bolano,44.1891,9.8954
Toscolano,45.6398,10.6076
Breda di Piave,45.7245,12.331
Palagianello,40.6167,16.9667
Origgio,45.5969,9.0183
Serra Riccò,44.5078,8.936
Crescentino,45.1833,8.1
Avella,40.96,14.6014
Sacrofano,42.1,12.45
Rovellasca,45.6667,9.05
Teggiano,40.3833,15.5333
Marmirolo,45.2193,10.7561
Rizziconi,38.4122,15.9589
Torrile,44.9209,10.3264
San Gimignano,43.4677,11.0432
Pantelleria,36.7875,11.9925
Tavernelle in Val di Pesa,43.5614,11.1729
Pelago,43.7739,11.5047
Appiano Gentile,45.7383,8.9797
Vigliano Biellese,45.5617,8.1117
Manziana,42.1333,12.1333
Pasiano,45.8686,12.6444
Carpaneto Piacentino,44.9167,9.7833
Fivizzano,44.2333,10.1167
Vietri sul Mare,40.6722,14.7278
Cairate,45.6833,8.8667
Recale,41.05,14.3
Loreggia,45.6,11.95
Barge,44.7333,7.3167
Agerola,40.6333,14.55
Santa Maria di Licodia,37.6167,14.9
Tricesimo,46.15,13.2167
Città della Pieve,42.9539,12.0078
Vico del Gargano,41.85,15.9564
Castiglione Olona,45.7531,8.8744
Vergato,44.2833,11.1167
Costabissara,45.5833,11.4833
Mozzecane,45.3,10.8167
Soncino,45.4,9.8667
Stra,45.4167,12.25
Vigarano Mainarda,44.85,11.5
Naro,37.2925,13.7934
Brisighella,44.2167,11.7667
Castellalto,42.6771,13.8178
Carmignano di Brenta,45.6333,11.7
Curno,45.6911,9.6125
Mirabella Eclano,41.0458,14.9997
Lodi Vecchio,45.3033,9.4186
Sonnino,41.4145,13.2414
Candelo,45.5478,8.1069
Cologne,45.5849,9.9434
Pratola Peligna,42.0992,13.8747
Nicolosi,37.6167,15.0167
Campofelice di Roccella,37.9833,13.8833
Caluso,45.3,7.8833
Lamporecchio,43.8167,10.9
Roccasecca,41.55,13.6667
Cotignola,44.3833,11.9333
San Giórgio di Nogaro,45.8333,13.2
Vitulazio,41.1667,14.2167
San Zenone,45.7833,11.8333
Bovezzo,45.5833,10.25
Grumello del Monte,45.6333,9.8667
Vedano Olona,45.7769,8.8869
Torregrotta,38.2,15.35
San Colombano al Lambro,45.1833,9.4833
San Marco Argentano,39.55,16.1167
Sparanise,41.1833,14.1
Borgetto,38.05,13.15
Zelo Buon Persico,45.4133,9.4336
Loreto Aprutino,42.4347,13.9836
Tito,40.5833,15.6833
Pederobba,45.8739,11.9475
Cavenago di Brianza,45.5847,9.4158
Cormòns,45.95,13.4667
Sant’Agata Bolognese,44.6667,11.1333
Volta Mantovana,45.3194,10.6594
Forte dei Marmi,43.95,10.1833
Castel Madama,41.9747,12.8672
Carnate,45.6506,9.3785
Marcellina,42.0236,12.8069
Vezzano Ligure,44.1412,9.8849
Curtarolo,45.5167,11.8333
Chiavenna,46.3167,9.4
Manciano,42.5875,11.515
Staranzano,45.8,13.5
Luserna San Giovanni,44.8167,7.25
Venegono Superiore,45.75,8.9
Castiglione della Pescaia,42.7656,10.8808
Poviglio,44.8333,10.55
Torrita di Siena,43.1667,11.7667
Santa Giustina in Colle,45.5667,11.9
Rufina,43.8167,11.4833
Militello in Val di Catania,37.2742,14.7933
Binasco,45.3333,9.1
Isola delle Femmine,38.2,13.25
Carinola,41.1833,13.9833
Turbigo,45.5333,8.7333
Povegliano Veronese,45.3473,10.8806
Campagna Lupia,45.35,12.1
Camerano,43.5277,13.5526
Montalbano Ionico,40.2833,16.5667
Montecosaro,43.3169,13.6354
Roggiano Gravina,39.6167,16.15
Corte Franca,45.6333,9.9833
Cagnano Varano,41.8333,15.7667
Pontremoli,44.3761,9.8799
Castello di Godego,45.7,11.8833
Longiano,44.0833,12.3333
Sennori,40.7899,8.5952
Regalbuto,37.65,14.6333
Sant’Angelo di Piove di Sacco,45.3456,12.0072
Adro,45.6179,9.9625
Cimitile,40.9333,14.5333
Capri,40.5556,14.2403
Mezzolombardo,46.2097,11.0978
Arpino,41.6471,13.6115
Bardolino,45.5517,10.7214
Varallo,45.8138,8.2581
Quiliano,44.2931,8.4103
Galliera Veneta,45.6667,11.8333
Spinetoli,42.8887,13.7731
Melissano,39.9667,18.1333
Novafeltria,43.8954,12.2904
Pontevico,45.2722,10.0917
Brugine,45.3,11.9925
Roccadaspide,40.4333,15.2
Campli,42.7261,13.6861
Caulonia,38.3833,16.4167
Soave,45.4196,11.2459
Camerota,40.033,15.3699
Sassoferrato,43.4275,12.8565
Trino,45.1953,8.2961
Altavilla Silentina,40.5333,15.1333
Montecassiano,43.3637,13.4359
Urbania,43.6678,12.5221
Asciano,43.2342,11.5608
Pieve di Cento,44.7131,11.3083
Rivergaro,44.9,9.6
Buttapietra,45.35,10.9333
Vernole,40.2833,18.3
Gioiosa Ionica,38.3333,16.3
Dronero,44.4667,7.3667
Passirano,45.6,10.0667
Chianciano Terme,43.0667,11.8333
Orosei,40.3797,9.6942
Pegognaga,45,10.85
Fossò,45.3833,12.05
Grazzanise,41.0833,14.1
San Benedetto Po,45.0333,10.9167
Fontanellato,44.8825,10.1558
Canicattini Bagni,37.0333,15.0667
Cavezzo,44.837,11.0307
Baricella,44.6475,11.5353
Carosino,40.4667,17.4
Solesino,45.1667,11.75
Olginate,45.8,9.4167
Cordignano,45.95,12.4167
Morciano di Romagna,43.9167,12.65
Oliena,40.271,9.4028
Barlassina,45.65,9.1333
Calimera,40.25,18.2833
Cles,46.3667,11.0333
San Filippo della Mela,38.1667,15.2667
Centallo,44.5,7.5833
Bellante,42.75,13.8
Senise,40.1333,16.2833
Borgo a Mozzano,43.9797,10.5467
Roncoferraro,45.1342,10.9524
Spezzano Albanese,39.6667,16.3167
Cassolnovo,45.3667,8.8
Scorrano,40.0902,18.2999
Vallecrosia,43.7931,7.6439
Vazzola,45.8333,12.3833
Santi Cosma e Damiano,41.3,13.8167
Serino,40.85,14.875
Saltara,43.7534,12.8976
Noventa di Piave,45.6667,12.5333
Anacapri,40.5514,14.2167
San Fior di Sopra,45.9222,12.3614
Lazise,45.5053,10.7325
Vipiteno,46.8931,11.4296
Camerino,43.1333,13.0667
Cambiago,45.5667,9.4167
Borgo,46.0512,11.4576
Lignano Sabbiadoro,45.655,13.0931
Gioiosa Marea,38.1667,14.9
Roccarainola,40.9667,14.5667
Busseto,44.9794,10.0433
Villasor,39.3809,8.9413
Pozzuolo del Friuli,45.9681,13.1969
Manoppello,42.2578,14.0597
Montelabbate,43.8489,12.7909
Pignola,40.5667,15.7833
Borgo Val di Taro,44.4833,9.7667
Nole,45.25,7.5833
Sommatino,37.3369,13.9975
Spino d’Adda,45.4,9.5
Zibido San Giacomo,45.3667,9.1167
Marzabotto,44.3333,11.2
Ferno,45.6203,8.7636
Campomorone,44.5069,8.8918
Sant’Agostino,44.792,11.3869
Mapello,45.7089,9.5478
Mercato Saraceno,43.95,12.2
San Vincenzo,43.1007,10.5388
Pietraperzia,37.4,14.1333
Cerano,45.4,8.7833
Martignacco,46.1,13.1333
Nova Siri,40.15,16.5333
Monte San Vito,43.6005,13.2711
Caraglio,44.4167,7.4333
Santa Giustina,46.0839,12.0432
Mesola,44.9206,12.23
Villa di Serio,45.7217,9.735
Cava Manara,45.1333,9.1
Lercara Friddi,37.75,13.6
Settimo San Pietro,39.291,9.1853
Tagliacozzo,42.0694,13.2547
Olevano sul Tusciano,40.65,15.0167
Mileto,38.6078,16.0675
Ostiglia,45.0704,11.1364
Robecco sul Naviglio,45.4333,8.8833
Montegiorgio,43.1307,13.5371
Carnago,45.7167,8.8333
Curinga,38.8267,16.3139
Cittaducale,42.3833,12.95
Cernobbio,45.8381,9.0758
Praia a Mare,39.9167,15.7667
Sapri,40.0667,15.6333
Casteggio,45.0167,9.1333
Castel di Sangro,41.7842,14.1085
Alliste,39.95,18.0833
Notaresco,42.65,13.9
Carapelle,41.3667,15.7
Sarnico,45.6667,9.95
Salgareda,45.7061,12.4913
Larino,41.8,14.9167
Nervesa della Battaglia,45.8333,12.2167
Villa d’Almè,45.75,9.6167
Olevano Romano,41.8606,13.0319
Torgiano,43.0256,12.4342
Zanè,45.7167,11.4667
Arconate,45.5333,8.85
Sutri,42.2478,12.2158
Brendola,45.4667,11.45
Poggio Rusco,44.9775,11.1192
Villadossola,46.0736,8.2669
Montenero di Bisaccia,41.95,14.7833
Fabbrico,44.8667,10.8
Serra San Bruno,38.5833,16.3333
Avetrana,40.3539,17.7358
Marina di Gioiosa Ionica,38.3,16.3333
Marcaria,45.1167,10.5333
Dozza,44.359,11.6277
Castello d’Argile,44.6811,11.2967
San Marco Evangelista,41.0333,14.3333
Mede,45.1,8.7333
San Cipriano Picentino,40.7167,14.8667
San Donaci,40.45,17.9167
Gorle,45.7039,9.7192
Livigno,46.5333,10.1333
Pollenza,43.2678,13.3481
Montesano sulla Marcellana,40.2833,15.7
Montebello Vicentino,45.45,11.3833
Marineo,37.95,13.4167
Calatafimi,37.9,12.85
Cellino San Marco,40.4667,17.9667
Gonnosfanàdiga,39.4933,8.6629
Ceriano Laghetto,45.6333,9.0833
Strongoli,39.2667,17.0667
Vairano Patenora,41.3333,14.1333
Spinazzola,40.9667,16.0833
Pontenure,45,9.7833
Buia,46.2122,13.1169
Bolzano Vicentino,45.6,11.6167
Verzuolo,44.6,7.4833
Cinquefrondi,38.4167,16.1
Gualtieri,44.9,10.6333
Labico,41.7833,12.8833
Piedimonte San Germano,41.5,13.7333
Pizzighettone,45.1833,9.7833
Codevigo,45.2672,12.1014
Canova,45.7333,9.4
San Cesario sul Panaro,44.5667,11.0333
Rosolina,45.0667,12.2333
Sammichele di Bari,40.8833,16.95
Gradisca d’Isonzo,45.8833,13.5
Roccella Ionica,38.3167,16.4
Sant’Arcangelo,40.2485,16.2705
Balestrate,38.0513,13.0072
Asiago,45.8667,11.5167
Capranica,42.2585,12.1728
Almese,45.1167,7.4
Vidigulfo,45.3,9.2333
Dairago,45.57,8.8664
Calci,43.7244,10.5192
Arquata Scrivia,44.6925,8.8817
Albanella,40.4833,15.1167
Poggio Mirteto,42.2672,12.6886
Cisano Bergamasco,45.7431,9.4708
Landriano,45.3167,9.2667
Monzuno,44.2833,11.2667
Subbiano,43.58,11.8722
Alessano,39.8833,18.3333
San Marcello Pistoiese,44.0556,10.7908
Sesto al Reghena,45.85,12.8167
Capannoli,43.59,10.6697
Fossacesia,42.25,14.4833
Mesoraca,39.0833,16.7833
Albiate,45.6667,9.25
Buttigliera Alta,45.0667,7.4167
Lesina,41.8667,15.35
San Giorgio in Bosco,45.5833,11.8
Meolo,45.6203,12.4559
Gallicano nel Lazio,41.8667,12.8167
Susa,45.1333,7.05
Caneva,45.9667,12.45
Santa Margherita di Belice,37.6928,13.0211
Robbiate,45.6833,9.4333
Abbadia San Salvatore,42.8831,11.6706
Sommariva del Bosco,44.7667,7.7833
Monte San Biagio,41.35,13.35
Tropea,38.6781,15.8969
Recoaro Terme,45.7,11.2333
Fagagna,46.1167,13.0833
San Martino Siccomario,45.15,9.1333
Porto Cesareo,40.2667,17.9
Quinzano d’Oglio,45.3167,9.9833
Cornuda,45.8322,12.0081
Mattinata,41.7167,16.05
Tortorici,38.0308,14.8242
San Michele Salentino,40.6333,17.6333
Medolla,44.8488,11.0714
Marcallo con Casone,45.4982,8.8764
Almenno San Bartolomeo,45.7489,9.5797
Arcole,45.35,11.2833
San Canzian d’lsonzo,45.8,13.4667
Belgioioso,45.1667,9.3167
Trasacco,41.9578,13.5353
Cammarata,37.6311,13.6322
Fossalta di Portogruaro,45.7833,12.9167
Castelgomberto,45.5833,11.4
Maiolati Spontini,43.4772,13.1192
Silandro,46.6283,10.7681
Montebello Ionico,37.9833,15.7667
Sernaglia della Battaglia,45.8833,12.1333
Carloforte,39.145,8.3054
Villa Cortese,45.5667,8.8833
Ghisalba,45.6,9.75
Strambino,45.3833,7.8833
Ascoli Satriano,41.2156,15.5578
Tortora,39.9413,15.8052
Piana degli Albanesi,38,13.2833
San Polo d’Enza in Caviano,44.6333,10.4333
Nicotera,38.55,15.9333
Lioni,40.8775,15.1886
Poppi,43.7358,11.7617
Sumirago,45.7393,8.7808
Domusnovas,39.3211,8.6531
Montelepre,38.1,13.1667
Villaverla,45.65,11.5
San Giovanni al Natisone,45.9833,13.4
Rio Saliceto,44.8167,10.8
Ravarino,44.7167,11.1
Venegono Inferiore,45.7333,8.9
Ceggia,45.6833,12.6333
Rovello Porro,45.65,9.0333
Torreglia,45.3333,11.7333
Monterenzio,44.3333,11.4
Bellona,41.1667,14.2333
Crocetta del Montello,45.8333,12.0333
Remanzacco,46.0833,13.3167
Casalbordino,42.15,14.5833
Sermide,45.0035,11.2929
Motta San Giovanni,38,15.7
Cadeo,44.9667,9.8333
Siziano,45.3167,9.2
Vizzini,37.1667,14.75
Gaiarine,45.8833,12.4833
Luco dei Marsi,41.9613,13.4685
San Lucido,39.3167,16.05
Collecorvino,42.4667,14.0167
Pantigliate,45.4353,9.3522
Sant’Elia Fiumerapido,41.55,13.8667
Vernio,44.05,11.15
San Benigno Canavese,45.25,7.7833
Godega di Sant’Urbano,45.9286,12.3969
Offanengo,45.3833,9.7333
Ostellato,44.75,11.9333
San Giovanni Suèrgiu,39.1109,8.5225
Guidizzolo,45.3167,10.5833
Brignano Gera d’Adda,45.5333,9.6333
Cambiano,44.9711,7.7744
Fornovo di Taro,44.6833,10.1
Pimonte,40.6736,14.5125
Ronco all’Adige,45.3365,11.2466
Bagni di Lucca,44.0094,10.5794
Serravalle Scrivia,44.7225,8.8603
Poggiardo,40.05,18.3833
Castelsardo,40.9144,8.7128
Calcinate,45.6212,9.8003
Collepasso,40.0667,18.1667
Bagnolo Piemonte,44.7667,7.3167
Mel,46.0622,12.0798
Gualdo Cattaneo,42.9167,12.55
Pignataro Maggiore,41.2,14.1667
Serradifalco,37.4538,13.8805
Borso del Grappa,45.8167,11.8
Genazzano,41.8333,12.9667
Roveredo in Piano,46.0167,12.6167
Bagnolo San Vito,45.0833,10.8833
Castelnuovo di Garfagnana,44.1219,10.4056
Maiano,46.1833,13.0667
Cavaion Veronese,45.5401,10.7705
Montalcino,43.0592,11.4892
Truccazzano,45.4833,9.4667
Villa Bartolomea,45.1583,11.3531
Bagno di Romagna,43.8333,11.9667
Picerno,40.6333,15.6333
Diano Marina,43.9099,8.082
Sannicola,40.1,18.0667
Loro Ciuffenna,43.5867,11.6286
Ascea,40.15,15.1833
Torrebelvicino,45.7167,11.3167
Cortina d’Ampezzo,46.5381,12.1372
Cavaria,45.7,8.8
Sambuca di Sicilia,37.6478,13.1111
Robbio,45.2914,8.5922
Villanuova sul clisi,45.6,10.45
Girifalco,38.8167,16.4333
Bussoleno,45.1411,7.1475
Costigliole d’Asti,44.785,8.1819
Quinto Vicentino,45.5667,11.6167
Palosco,45.5833,9.8333
Naturno,46.6502,11.0084
Stornara,41.2833,15.7667
Otranto,40.15,18.4833
Villanova Mondovì,44.35,7.7667
Cellamare,41.0203,16.9292
Rosate,45.3333,9.0167
Rudiano,45.4833,9.8833
Ceva,44.3833,8.0333
Corigliano d’Otranto,40.1667,18.25
Brolo,38.1562,14.828
Rogliano,39.1833,16.3167
San Dorligo della Valle,45.6225,13.8578
Campo San Martino,45.55,11.8167
Fontanelle,45.8333,12.4667
Gattatico,44.8,10.4667
San Paolo di Civitate,41.7333,15.2667
Alezio,40.0667,18.05
Cogorno,44.3331,9.3725
Spirano,45.5828,9.6692
Uzzano,43.8833,10.7167
Cancello,41.0734,14.0254
Gabicce,43.9668,12.7563
Passignano sul Trasimeno,43.1833,12.1333
Santorso,45.7333,11.3833
Nocera Umbra,43.1167,12.7833
Trevignano Romano,42.15,12.25
Pomarance,43.2997,10.8736
Ciserano,45.5833,9.6
Genzano di Lucania,40.85,16.0333
Casorate Sempione,45.6667,8.7333
Villanova d’Asti,44.9428,7.9383
Castelverde,45.1875,9.9969
San Secondo Parmense,44.9167,10.2333
Longare,45.4833,11.6167
Guagnano,40.4,17.95
Riolo Terme,44.2833,11.7333
Rocca di Neto,39.1883,17.0042
Almenno San Salvatore,45.75,9.5875
San Giorgio Piacentino,44.95,9.7333
Arce,41.5833,13.5833
Acque Dolci,38.05,14.5833
Romentino,45.4667,8.7167
San Donato di Lecce,40.2667,18.1833
Gossolengo,45,9.6167
Ospedaletto Euganeo,45.2231,11.6111
Casaleone,45.1667,11.2
Candiolo,44.9667,7.6
Buti,43.7297,10.5867
Campagnola Emilia,44.8361,10.7547
Canale,44.8,8
Gozzano,45.75,8.4333
Sala Baganza,44.7167,10.2333
Fontevivo,44.8565,10.1762
Panicale,43.0333,12.1
Almè,45.7369,9.6153
Dello,45.4194,10.075
Brescello,44.9,10.5167
Grotte,37.4058,13.7011
Casoli,42.1151,14.2906
Trivero,45.6667,8.1667
Monteiasi,40.5,17.3833
Apice,41.1167,14.9333
Montefalco,42.8908,12.6483
Misinto,45.6667,9.0833
Pavia di Udine,46,13.3
Ceriale,44.0966,8.2321
Custonaci,38.0788,12.6751
Maiori,40.6486,14.6389
Peveragno,44.3333,7.6167
Camporosso,43.8151,7.6284
Besnate,45.7,8.7667
Quistello,45.0066,10.9805
Cilavegna,45.3167,8.75
Angera,45.7667,8.5833
Busalla,44.571,8.9453
Chiaravalle Centrale,38.6833,16.4
Anghiari,43.5417,12.055
Carcare,44.3579,8.2906
Davoli,38.65,16.4833
Marsico Vetere,40.3744,15.8261
San Tammaro,41.0759,14.231
Bracigliano,40.8167,14.7
Villa del Conte,45.5833,11.8667
Dicomano,43.9,11.5333
Castiglione dei Pepoli,44.15,11.15
Bentivoglio,44.6353,11.4189
Cavour,44.7833,7.3833
Caiazzo,41.1833,14.3667
Moglia,44.9333,10.9167
Mezzocorona,46.2167,11.1167
Solbiate Olona,45.65,8.8833
Cotronei,39.1667,16.7833
Borgo San Giacomo,45.348,9.9682
Cavallermaggiore,44.7167,7.6833
Casorezzo,45.5167,8.9
Galliera,44.75,11.4
Lagonegro,40.1333,15.7667
Acquapendente,42.7447,11.865
Certosa di Pavia,45.2544,9.1279
Corsano,39.8891,18.3675
Povoletto,46.1167,13.2833
Sannazzaro de’ Burgondi,45.1,8.9
Soleto,40.1877,18.2074
Palmanova,45.9,13.3167
Torchiarolo,40.4833,18.05
Caprarola,42.3275,12.2367
Montepaone,38.7167,16.5
Gandino,45.8117,9.9031
Santa Teresa Gallura,41.2392,9.1888
Vanzaghello,45.5833,8.7833
Albisola Marina,44.3273,8.5031
Ogliastra,39.8787,9.5415
Lurago d’Erba,45.75,9.2167
Padula,40.339,15.6563
Arienzo,41.0273,14.4977
Centuripe,37.6233,14.7395
Villapiana,39.85,16.45
Casalserugo,45.3167,11.9167
Cupra Marittima,43.0249,13.8589
Forino,40.8636,14.7369
San Cipirello,37.9667,13.1833
Gazzo Veronese,45.15,11.0833
Boretto,44.9,10.55
Basiliano,46.0167,13.1
Stornarella,41.25,15.7333
Muro Lucano,40.75,15.4833
Nereto,42.82,13.8169
Codognè,45.8667,12.4333
Linguaglossa,37.8428,15.1419
Limana,46.1,12.1833
Castelvetro Piacentino,45.1,9.9833
Rivanazzano,44.9308,9.0142
Monte Libretti,42.1333,12.7333
Casal Velino,40.1833,15.1167
Camposano,40.95,14.5333
Sovere,45.8167,10.0333
Aquino,41.5,13.7
Viggiù,45.8667,8.9
Sant’Omero,42.7833,13.8
Carsoli,42.0988,13.0886
Rapolano Terme,43.2833,11.6
Camogli,44.3484,9.1558
Albizzate,45.7167,8.8
Gizzeria,38.9833,16.2
Diamante,39.6833,15.8167
Oppido Mamertina,38.3,15.9833
Montemiletto,41.0167,14.9
Monticelli d’Ongina,45.0833,9.9333
Presicce,39.9,18.2667
Canino,42.465,11.7519
Sarroch,39.0658,9.0102
Ispra,45.8167,8.6167
Sarcedo,45.7,11.5333
Botricello,38.9333,16.85
Calatabiano,37.8228,15.2278
Polla,40.5167,15.5
Muravera,39.4196,9.5763
Rodigo,45.2,10.6333
Mugnano del Cardinale,40.9333,14.6333
San Vito Chietino,42.3,14.45
Malles Venosta,46.6879,10.5465
Montanaro,45.2327,7.8549
Longarone,46.2667,12.3
Castronno,45.7333,8.8
Santa Caterina Villarmosa,37.6,14.0333
Esine,45.9264,10.2517
Ripi,41.6167,13.4333
Guglionesi,41.9167,14.9167
Povegliano,45.7667,12.2
Illasi,45.4667,11.1833
Maruggio,40.3228,17.5736
Vitorchiano,42.4664,12.1733
Castellucchio,45.15,10.65
Chiusa,46.64,11.5657
San Pietro di Feletto,45.9333,12.25
Fragagnano,40.4333,17.4667
Poncarale,45.4619,10.1778
Neviano,40.1,18.1167
Lovere,45.8125,10.07
Coreglia Antelminelli,44.0644,10.5264
Laces,46.6167,10.8667
Tuglie,40.0735,18.0987
Tricarico,40.6167,16.15
Giavera del Montello,45.8,12.1667
Correzzola,45.2333,12.0667
Castrignano del Capo,39.8333,18.35
Castelnuovo Scrivia,44.9814,8.8822
Albaredo d’Adige,45.3167,11.2667
Cannobio,46.0667,8.7
Favria,45.3333,7.6833
Giussago,45.2848,9.1407
Cividate al Piano,45.55,9.8167
Gottolengo,45.2928,10.2734
Celle Ligure,44.3421,8.5456
Trezzano Rosa,45.5833,9.4833
Chions,45.85,12.7167
Cerda,37.9,13.8167
Marano sul Panaro,44.4572,10.9719
Vigone,44.85,7.5
Capistrello,41.9736,13.4
Centola,40.0667,15.3167
Bottanuco,45.6397,9.5064
Vaglia,43.9107,11.28
Bucchianico,42.3044,14.1806
Campegine,44.7844,10.5328
Veronella,45.3231,11.3244
Ardore,38.1833,16.1667
Samassi,39.4815,8.9053
Portoscuso,39.2049,8.3805
Amalfi,40.6333,14.6028
Barzanò,45.7333,9.3167
Gagliano del Capo,39.85,18.3667
Maser,45.8167,11.9833
Colle Umberto,45.95,12.35
Assoro,37.6333,14.4167
Borgo Ticino,45.6833,8.6
Maratea,39.9928,15.7167
Mineo,37.2664,14.6911
San Giovanni Ilarione,45.5167,11.2333
Canzo,45.85,9.2667
Laureana di Borrello,38.4919,16.0811
Grassano,40.6333,16.2833
Ornago,45.6,9.4167
Baselga di Pinè,46.1298,11.2446
Mansuè,45.8232,12.5356
Pagnacco,46.1167,13.1833
Gazzaniga,45.8,9.8333
Melicucco,38.4333,16.05
Corropoli,42.8333,13.8333
Condofuri,38,15.8667
Lagundo,46.6833,11.1333
Telgate,45.6333,9.85
Montecastrilli,42.65,12.4833
Arosio,45.7167,9.2167
Villadose,45.0667,11.9
Bella,40.7667,15.5333
Bevagna,42.9333,12.6167
Lonate Ceppino,45.7,8.8667
Lanzo Torinese,45.2667,7.4833
Castelbellino,43.4878,13.1458
Agnone,41.8104,14.3785
Tolfa,42.15,11.9333
Lesignano de’ Bagni,44.643,10.2994
Lomagna,45.6667,9.3667
Terranova di Sibari,39.65,16.3333
Sant’Angelo Romano,42.0333,12.7167
San Gemini,42.6131,12.547
Gorla Maggiore,45.6662,8.9044
Spadafora,38.2333,15.3833
Santo Stefano Ticino,45.4833,8.9167
Tursi,40.25,16.4667
San Ferdinando,38.4867,15.9197
Mornago,45.75,8.75
Porlezza,46.0333,9.1333
Mortegliano,45.95,13.1667
Nove,45.7333,11.6833
Gonnesa,39.2665,8.4717
Offida,42.9353,13.692
Santa Ninfa,37.7667,12.8833
Rovolon,45.35,11.6667
Serravalle Sesia,45.6833,8.3167
Saccolongo,45.4,11.75
San Polo di Piave,45.7906,12.3947
Ricadi,38.6261,15.8656
Sassano,40.3403,15.5655
Muro Leccese,40.1,18.3333
San Francesco al Campo,45.2253,7.6556
Varallo Pombia,45.6667,8.6333
Guardia Sanframondi,41.25,14.6
Tregnago,45.5167,11.1667
Licciana Nardi,44.2667,10.0333
Civitella del Tronto,42.7719,13.6667
Stresa,45.8836,8.5394
Irsina,40.75,16.2333
Reana del Roiale,46.15,13.2333
Arsago Seprio,45.6833,8.7333
Morcone,41.3427,14.6689
Zimella,45.3436,11.3523
San Martino Valle Caudina,41.0266,14.6654
Corinaldo,43.6489,13.0479
Buccino,40.6333,15.3833
Gradara,43.9389,12.7713
Norcia,42.7933,13.0939
Scilla,38.25,15.7167
Baveno,45.9,8.5
Bagnolo Cremasco,45.35,9.6167
Monzambano,45.3833,10.7
Arcene,45.5761,9.6142
Cisliano,45.45,8.9833
Robecchetto con Induno,45.5333,8.7667
Popoli,42.1708,13.8317
Francolise,41.1833,14.05
Gambassi,43.5333,10.95
Senorbì,39.534,9.131
Bassano Romano,42.2253,12.19
Casale di Scodosia,45.1833,11.4667
Gaggio Montano,44.2,10.9333
Lagosanto,44.7667,12.1333
Torrice,41.6333,13.4
Verolengo,45.1833,7.9667
Soragna,44.927,10.1222
Arzergrande,45.2731,12.0467
Cupello,42.0667,14.6667
San Pellegrino Terme,45.8333,9.6667
Villarosa,37.5833,14.1667
Supino,41.6167,13.2333
Palazzo San Gervasio,40.9322,15.9814
Cropani,38.9667,16.7833
Breno,45.9586,10.3056
Trichiana,46.0744,12.1344
Marrùbiu,39.751,8.6383
Stroncone,42.5,12.6667
Castel del Piano,42.8908,11.5394
Serrenti,39.4925,8.9765
Santa Giusta,39.8807,8.6092
Lacco Ameno,40.75,13.8833
Aidone,37.4167,14.45
Borghetto Santo Spirito,44.1091,8.2414
Agugliano,43.5434,13.386
San Giovanni Bianco,45.8667,9.65
Fosdinovo,44.1333,10.0167
Nocera Terinese,39.0333,16.15
Osnago,45.6833,9.3833
Paratico,45.6611,9.9533
Roccafranca,45.4667,9.9167
San Costanzo,43.7672,13.0731
Torre di Mosto,45.6833,12.7167
Veggiano,45.45,11.7167
Mirabella Imbaccari,37.3333,14.45
Catenanuova,37.5667,14.6833
Cocquio Trevisago,45.85,8.6833
Miglianico,42.3594,14.2925
San Martino in Pensilis,41.8667,15.0167
Buscate,45.55,8.8167
Andrano,39.9833,18.3833
Specchia,39.9381,18.2984
Gambara,45.2562,10.2945
San Bartolomeo in Galdo,41.4167,15.0167
Baiano,40.9536,14.6175
Alvignano,41.25,14.3333
Castro dei Volsci,41.5167,13.4
Caorso,45.05,9.8667
Dogliani,44.5333,7.95
Villafranca in Lunigiana,44.2956,9.95
Peccioli,43.55,10.7167
Sant’Ambrogio di Torino,45.1,7.3667
Gonàrs,45.9,13.2333
Villaputzu,39.4392,9.5761
Prizzi,37.7215,13.4312
Azzate,45.7803,8.7938
Montà,44.8147,7.9548
Berra,44.9833,11.9667
San Vito lo Capo,38.1667,12.75
Riva presso Chieri,44.9833,7.8667
Sarteano,42.9833,11.8667
Alseno,44.9,9.9667
Cappella Maggiore,45.9667,12.3667
Mordano,44.4,11.8167
Pietramelara,41.2667,14.1833
Ponte dell’Olio,44.8667,9.6333
Pozzolo Formigaro,44.7961,8.7858
Isola del Gran Sasso d’Italia,42.5075,13.6578
Pian Camuno,45.8447,10.1519
Cortemaggiore,45,9.9333
Acquasparta,42.6907,12.5463
Piancogno,45.9197,10.2253
Dorno,45.15,8.95
Santo Stefano di Camastra,38.0167,14.35
Trivento,41.7667,14.55
Carvico,45.7,9.4833
Castel d’Ario,45.1889,10.9756
Châtillon,45.75,7.6167
Acquarica del Capo,39.9167,18.25
Castiglione d’Adda,45.2197,9.6953
Pramaggiore,45.8167,12.7333
Vertova,45.8167,9.85
Mistretta,37.9333,14.3667
San Giorgio della Richinvelda,46.05,12.8667
Rodano,45.4833,9.35
Padenghe sul Garda,45.5083,10.5164
Castell’Arquato,44.85,9.8667
Brivio,45.75,9.45
Butera,37.1833,14.1833
Cupramontana,43.446,13.1174
Villafranca Piemonte,44.7833,7.5
Condove,45.1174,7.3095
Barbarano Vicentino,45.4099,11.5397
Pizzoli,42.436,13.2989
Zocca,44.3473,10.9904
Torano Castello,39.5,16.15
Piglio,41.8281,13.1417
Bricherasio,44.8244,7.3064
Gragnano Trebbiense,45.0167,9.5667
Crevola d’Ossola,46.1475,8.2961
Firenzuola,44.1197,11.3819
Storo,45.8489,10.5803
Grantorto,45.6,11.7333
Saint-Vincent,45.75,7.65
Santa Lucia del Mela,38.15,15.2833
Calitri,40.9031,15.4314
Mogliano,43.1859,13.4808
Minerbe,45.25,11.35
Villastellone,44.9167,7.75
Spezzano Grande,39.3,16.35
Polverigi,43.5253,13.3941
Edolo,46.1789,10.33
Chiesina Uzzanese,43.8333,10.7167
Monterosi,42.197,12.3084
Sersale,39.0167,16.7333
Mozzanica,45.4761,9.6893
Arcade,45.7667,12.2167
Torre Pellice,44.8203,7.2233
Monsampolo del Tronto,42.8979,13.794
Varna,46.7404,11.6346
Vailate,45.4667,9.6
Palaia,43.6058,10.7728
Realmonte,37.3103,13.4628
Predazzo,46.3167,11.6
Teglio,46.1667,10.0667
Carimate,45.7,9.1167
Guardavalle,38.5,16.5
Rombiolo,38.5919,16.0017
Vignanello,42.3847,12.2775
Druento,45.1333,7.5833
Terricciola,43.5256,10.6808
Castellazzo Bormida,44.8461,8.5783
Ploaghe,40.6644,8.7453
San Paolo,45.3717,10.0236
Castel di Iudica,37.5,14.65
Santo Stefano Quisquina,37.6242,13.4914
Crespano del Grappa,45.8289,11.8373
Castelraimondo,43.2091,13.0546
Grignasco,45.6833,8.3333
Castel Guelfo di Bologna,44.4333,11.6833
Sotto il Monte,45.7072,9.4992
Gropello Cairoli,45.1833,9
Peschici,41.95,16.0167
Cigliano,45.3084,8.021
Casina,44.5111,10.5025
Ormelle,45.7803,12.4197
Borgorose,42.2,13.2333
Morgano,45.6332,12.0867
Modigliana,44.1667,11.8
Bisacquino,37.705,13.26
San Zenone al Lambro,45.3257,9.355
Siculiana,37.3356,13.4225
Bogliasco,44.3782,9.0698
Solarolo,44.3667,11.85
Ghilarza,40.12,8.835
Torrenova,38.0925,14.6792
Pedavena,46.0333,11.8833
Capri Leone,38.0833,14.7333
San Pietro in Gù,45.6102,11.6779
Toano,44.3833,10.5667
Grosio,46.3,10.2833
Carrù,44.4833,7.8833
Briatico,38.7333,16.0333
Carpineto Romano,41.6,13.0833
Latronico,40.0833,16.0167
Morano Calabro,39.85,16.1333
Acqualagna,43.6167,12.6712
Ischitella,41.9,15.9
Calascibetta,37.5833,14.2667
Supersano,40.0167,18.25
Visciano,40.9238,14.5824
Terlano,46.5293,11.2487
Comun Nuovo,45.6228,9.6636
Canneto sull’Oglio,45.15,10.3833
Tresigallo,44.816,11.8947
Uggiano la Chiesa,40.1,18.45
Castelfrentano,42.2,14.35
Altomonte,39.7,16.1333
Scansano,42.6897,11.3347
Tribano,45.2167,11.8333
Ameglia,44.0673,9.9575
Ronco Scrivia,44.6082,8.9552
Montereale Valcellina,46.1667,12.6667
Usini,40.6633,8.5408
Barberino di Val d’Elsa,43.5423,11.1715
Bettona,43.0167,12.4833
Decimoputzu,39.3354,8.9149
Rapolla,40.9833,15.6667
Monastier di Treviso,45.65,12.4333
Capocasale,39.2333,16.25
Favignana,37.9333,12.3333
Poiana Maggiore,45.2904,11.5025
Tarzo,45.9725,12.2339
Livorno Ferraris,45.2833,8.0833
Santa Croce di Magliano,41.7167,14.9833
Cannara,43,12.5833
San Quirino,46.0341,12.6785
Montecchia di Crosara,45.4833,11.25
Anguillara Veneta,45.15,11.8833
Arcevia,43.4833,12.9396
Galzignano,45.308,11.7313
Arcidosso,42.8722,11.5375
Amaseno,41.4667,13.3333
Locate Varesino,45.6906,8.9308
Paglieta,42.1667,14.5
Ponte Lambro,45.8333,9.2333
Borghetto Lodigiano,45.2158,9.5003
Sossano,45.3667,11.5167
Vestone,45.7,10.4
Gazzo,45.5822,11.7064
Vigolzone,44.9167,9.6667
Grisignano di Zocco,45.4833,11.7
Loiano,44.2667,11.3167
Roana,45.8764,11.4628
Ossona,45.5,8.9
Bianco,38.0917,16.1516
Malgrate,45.8489,9.3763
Cene,45.7794,9.8258
Torretta,38.1304,13.2355
Vezzano sul Crostolo,44.6,10.55
Revello,44.65,7.3833
Sant’Antonio di Susa,45.1071,7.2723
San Salvatore Monferrato,44.995,8.5669
Marcheno,45.7,10.2167
Ariano nel Polesine,44.9461,12.1249
Calvenzano,45.495,9.5994
Bastiglia,44.727,10.9986
Ripatransone,43.0002,13.7625
Palau,41.1833,9.3833
Tarvisio,46.5,13.5667
Castelforte,41.3,13.8333
San Gregorio Magno,40.65,15.4
Bova Marina,37.9333,15.9167
Sant’Angelo de’ Lombardi,40.9333,15.1833
Torrevecchia Teatina,42.3833,14.2
Sissa,44.9618,10.2582
San Benedetto Val di Sambro,44.2167,11.2333
Appignano,43.3641,13.3464
Bormio,46.4667,10.3667
Torricella,40.35,17.5
Piancastagnaio,42.85,11.6833
San Calogero,38.5667,16.0167
Carpiano,45.3333,9.2667
Orgosolo,40.2047,9.3526
Ussana,39.3938,9.0747
Olmedo,40.6511,8.3797
Rovetta,45.8833,9.9833
Canale Monterano,42.1333,12.1
Fossalta di Piave,45.6475,12.5123
Vertemate,45.7333,9.0667
Bolognetta,37.9646,13.456
Sabbioneta,44.9992,10.4897
Altavilla Irpina,41.0081,14.7822
Francavilla in Sinni,40.0833,16.2
Stanghella,45.1333,11.75
Solbiate Arno,45.7167,8.8167
Nusco,40.8869,15.0839
Berbenno di Valtellina,46.1667,9.75
Santa Maria Nuova,43.496,13.3107
Gorgo al Monticano,45.7333,12.5833
Pofi,41.5667,13.4167
Boffalora sopra Ticino,45.4667,8.8333
Fumane,45.5432,10.8818
Mazzè,45.3,7.9333
Montopoli in Sabina,42.25,12.6833
Cursi,40.15,18.3167
Travedona,45.8039,8.6725
Casirate d’Adda,45.5,9.5667
Santa Sofia,43.95,11.9
Mògoro,39.685,8.777
Garda,45.5725,10.6717
Sondalo,46.3333,10.3333
Lallio,45.6661,9.6314
Sori,44.3727,9.1042
Stigliano,40.4,16.2333
Brembilla,45.8167,9.6
Roccalumera,37.9706,15.39
San Pietro a Maida,38.85,16.35
Offlaga,45.3833,10.1167
Moretta,44.7614,7.5363
Castelmassa,45.0167,11.3167
Carpino,41.75,15.8417
Moiano,41.0833,14.55
Limatola,41.15,14.4
Tollo,42.3454,14.3236
Avio,45.7333,10.95
Liscate,45.4833,9.4167
Agordo,46.2822,12.0344
Covo,45.5,9.7667
Pomarico,40.5167,16.55
Casirile,45.3167,9.1
Calangianus,40.9222,9.1947
Sale,44.9817,8.8103
Sant’Eufemia d’Aspromonte,38.2667,15.8667
Sirolo,43.526,13.616
Capalbio,42.4542,11.4225
Isorella,45.3092,10.3233
San Salvatore Telesino,41.2333,14.5
Cavalese,46.2906,11.4593
Sant’Angelo in Vado,43.6647,12.413
Premariacco,46.0667,13.4
Pietragalla,40.75,15.8833
Quarona,45.7579,8.2657
Rolo,44.8833,10.85
Allumiere,42.1569,11.9047
Sogliano Cavour,40.15,18.2
Medole,45.3333,10.5167
Pescina,42.0264,13.6589
Arnesano,40.3333,18.1
Ballabio,45.9,9.4167
Ripa Teatina,42.35,14.2333
Norma,41.5833,12.9667
Talmassons,45.9333,13.1167
Villar Perosa,44.9167,7.25
Vasanello,42.4144,12.3475
Capoliveri,42.75,10.3833
Sardara,39.6139,8.8215
Saluggia,45.2333,8.0167
Cusano Mutri,41.3389,14.5086
Lasa,46.6167,10.7
Civezzano,46.0833,11.1667
Collesano,37.9167,13.9333
Cappelle sul Tavo,42.4667,14.1
Gibellina,37.8167,12.8667
Marsico Nuovo,40.4167,15.7333
Sanguinetto,45.1829,11.1515
Buttrio,46.0167,13.3333
Carpineti,44.4567,10.5206
Aiello del Sabato,40.89,14.8217
Casazza,45.7486,9.9063
Bari Sardo,39.8414,9.6472
Cesiomaggiore,46.0833,11.9833
Venetico,38.2199,15.3667
Fiesso Umbertiano,44.9667,11.6
Castrocielo,41.5333,13.7
Lugagnano Val d’Arda,44.8167,9.8167
Vicovaro,42.0178,12.8969
Piedimonte Etneo,37.8067,15.1792
Occhieppo Inferiore,45.5167,8
Brentonico,45.8167,10.95
Lattarico,39.4667,16.1333
Nuvolento,45.5444,10.385
Rosciano,42.3223,14.0456
Bolsena,42.6447,11.9858
Sant’Omobono Imagna,45.8093,9.5373
Vescovato,45.1667,10.1667
Annone Veneto,45.8,12.6833
Vermezzo,45.4,8.9667
Palomonte,40.6667,15.3
Falerna,39,16.1667
Tertenìa,39.6964,9.5789
Caltavuturo,37.8167,13.8833
Saponara Villafranca,38.2,15.4333
Castrignano de’ Greci,40.2,18.3
Piraino,38.1617,14.8611
Moliterno,40.24,15.86
Positano,40.6278,14.4819
Santo Stefano Belbo,44.7,8.2333
Guiglia,44.425,10.9631
San Genesio ed Uniti,45.2667,9.2167
San Benedetto de’ Marsi,42.0076,13.6238
Polesella,44.9667,11.75
Arborea,39.7728,8.5813
Sabbio Chiese,45.65,10.4333
Mathi,45.2667,7.5333
Giano dell’Umbria,42.8333,12.5833
Casalbuttano,45.25,9.9667
Fonni,40.1188,9.2536
Romagnano Sesia,45.6333,8.3833
San Lorenzo di Sebato,46.7835,11.9031
Contigliano,42.4167,12.7667
Scarlino,42.9081,10.8508
Paduli,41.1667,14.8833
San Martino di Venezze,45.1333,11.8667
Orsago,45.9333,12.4167
Serracapriola,41.8,15.1667
Cittiglio,45.8964,8.6649
Tiriolo,38.95,16.5
Pratola Serra,40.9833,14.85
Agnadello,45.45,9.5667
Pavone Canavese,45.45,7.85
Trana,45.0333,7.4167
Paderno d’Adda,45.6833,9.45
Cessalto,45.7167,12.6167
Francavilla di Sicilia,37.9015,15.1359
Pernumia,45.2667,11.7833
Cerreto Sannita,41.2853,14.5597
Casole d’Elsa,43.3411,11.0485
Bagolino,45.8231,10.464
Buddusò,40.5782,9.2582
Casola di Napoli,40.6944,14.5278
Dovera,45.3667,9.5333
Platì,38.2167,16.05
Montemesola,40.5667,17.3333
Fagnano Castello,39.5667,16.05
Battaglia Terme,45.2894,11.7796
Roncà,45.4833,11.2833
Cavriana,45.35,10.6
Villa Lagarina,45.9167,11.0333
Orsogna,42.2167,14.2833
Oriolo Romano,42.1578,12.1378
Maletto,37.8333,14.8667
Lograto,45.4833,10.05
Bisaccia,41.0131,15.3756
Follina,45.95,12.1167
Petacciato,42.0167,14.8667
Manta,44.6167,7.4833
Scoppito,42.3739,13.2558
Salizzole,45.25,11.0833
Esperia,41.3833,13.6833
Mongrando,45.5167,8
Aquaviva Picena,42.9447,13.8135
Tromello,45.2167,8.8667
Corchiano,42.3458,12.3564
Bienno,45.9367,10.2942
Pieve di Cadore,46.4333,12.3667
Piobesi Torinese,44.9329,7.6101
Sangano,45.0333,7.45
Fara Vicentino,45.7333,11.55
Solopaca,41.1833,14.55
Pompiano,45.4333,9.9833
Gaglianico,45.55,8.1167
Lestizza,45.95,13.1333
Castagnole Lanze,44.7522,8.1514
Serra de’ Conti,43.5422,13.0377
Tuoro sul Trasimeno,43.2068,12.0746
Castiòns di Strada,45.9,13.1833
Sedegliano,46.0139,12.9747
Prignano sulla Secchia,44.4369,10.6908
Numana,43.5136,13.6216
San Giovanni a Piro,40.05,15.4333
Oppido Lucano,40.7667,15.9833
Canossa,44.5736,10.4553
Verolavecchia,45.3333,10.05
Civitella di Romagna,44,11.9333
Pitigliano,42.6344,11.6683
Carpignano Salentino,40.197,18.3384
Castagnaro,45.1208,11.4108
Grumolo delle Abbadesse,45.5167,11.6667
Bellagio,45.9875,9.2619
Colonnella,42.8723,13.8699
Saracena,39.7667,16.15
Goro,44.8518,12.2959
Massa Martana,42.7833,12.5167
Pontelongo,45.25,12.0167
Porto Azzurro,42.7667,10.4
Oliveto Citra,40.6894,15.2311
Carasco,44.3517,9.3441
Caldonazzo,46,11.2667
Gallicano,44.0667,10.4333
Taino,45.7667,8.6167
Mondavio,43.6741,12.9683
Parcines,46.6842,11.0733
Deliceto,41.2167,15.3833
Chiarano,45.73,12.5813
Cercemaggiore,41.4667,14.7167
Villasimìus,39.1422,9.5206
Romàns d’Isonzo,45.8833,13.4333
Dubino,46.15,9.45
San Luca,38.15,16.0667
Vaiano Cremasco,45.3731,9.5883
Miradolo Terme,45.1724,9.4487
Spotorno,44.2271,8.4192
Cerreto d’Esi,43.3197,12.9848
Ciminna,37.9,13.5667
Colli del Tronto,42.8781,13.7482
Masone,44.5036,8.712
Voghenza,44.7667,11.75
Magliano Sabina,42.3667,12.4833
Monghidoro,44.2167,11.3167
Vidor,45.8667,12.0333
Malcesine,45.7667,10.8167
Tufino,40.95,14.5667
Spongano,40.0167,18.3667
Riccò del Golfo di Spezia,44.1531,9.7639
Fauglia,43.5667,10.5167
Nizza di Sicilia,37.9947,15.4128
Cattolica Eraclea,37.4419,13.3928
Frigento,41.0122,15.1006
Paderno Franciacorta,45.5889,10.0775
Baldissero Torinese,45.0667,7.8167
Villa Minozzo,44.3667,10.45
Scafa,42.2657,13.9967
Rodi Garganico,41.8961,15.8653
Rotondi,41.0325,14.5958
Cavaglià,45.4,8.0833
Chiusa di Pesio,44.3167,7.6833
Squillace,38.7833,16.5167
Sant’Oreste,42.2333,12.5167
San Pietro in Guarano,39.3333,16.3167
Bene Vagienna,44.5453,7.8331
Nogarole Rocca,45.2833,10.8833
Montaione,43.5533,10.9117
Faicchio,41.2833,14.4833
Trentino Alto Adige / Südtirol,46.0333,10.7333
Artogne,45.8506,10.1619
San Vito,39.4419,9.5404
Magliano de’ Marsi,42.0925,13.3647
Migliarino,44.7667,11.9333
Falciano Selice,41.1667,13.95
Lascari,38,13.9333
Pradamano,46.0333,13.3
Bagnoli di Sopra,45.1833,11.8833
Molteno,45.7833,9.3
Bagnoregio,42.63,12.0892
Mignanego,44.5278,8.9152
Neviano degli Arduini,44.5833,10.3167
Limbadi,38.5667,15.9667
Pontecurone,44.9611,8.935
Minervino di Lecce,40.1,18.4333
Baunei,40.0309,9.6643
Airasca,44.9167,7.4833
Borgofranco d’Ivrea,45.5167,7.8667
Bivona,37.6183,13.4405
Morro d’Oro,42.6667,13.9167
Pont-Saint-Martin,45.6,7.8
Diano d’Alba,44.65,8.0333
San Fratello,38.0128,14.5974
Montecalvo Irpino,41.1967,15.0342
Colliano,40.7333,15.2833
Bobbio,44.7715,9.3864
Asso,45.8667,9.2667
Montelupone,43.3443,13.5676
Piegaro,42.9667,12.0833
Ghemme,45.6,8.4167
Pozzonovo,45.2,11.7833
Amandola,42.9801,13.3575
Bosco Chiesanuova,45.6167,11.0333
Albuzzano,45.1833,9.2667
Caltabellotta,37.5757,13.2186
Massa Fiscaglia,44.8094,12.0145
Pozzolengo,45.4069,10.6339
Sergnano,45.4333,9.7
Lucignano,43.2745,11.746
Gioia Sannitica,41.3,14.45
Ceregnano,45.0333,11.8667
San Leonardo in Passiria,46.8128,11.2458
Brancaleone Superiore,37.9639,16.1011
Villamassargia,39.2757,8.6406
Portovenere,44.05,9.8333
Ruoti,40.7167,15.6833
San Vito di Leguzzano,45.6833,11.3833
Magliano in Toscana,42.5989,11.2931
San Pietro in Lama,40.3,18.1167
Gagliano Castelferrato,37.7167,14.5333
Aci Bonaccorsi,37.5955,15.1095
Miggiano,39.9667,18.3167
Alia,37.7833,13.7167
Castelplanio,43.4945,13.0809
Monasterace,38.4536,16.5531
Pravisdomini,45.8167,12.6833
Valledolmo,37.75,13.8333
Faggiano,40.4162,17.3886
Marano Marchesato,39.3167,16.1667
Badia,46.6111,11.8944
Narzole,44.6,7.8667
Tribiano,45.4167,9.3833
Laterina,43.5092,11.7192
Ardesio,45.9381,9.93
Bagnário Arsa,45.8833,13.2833
Tronzano Vercellese,45.35,8.1667
Bressana Bottarone,45.0781,9.1312
Satriano,38.6667,16.4667
Bovolenta,45.2667,11.9333
Mairano,45.45,10.0833
San Paolo Bel Sito,40.9167,14.55
Alanno,42.3,13.9667
Zapponeta,41.45,15.9667
Citerna,43.5,12.1167
Neive,44.7167,8.1167
Beinette,44.3667,7.65
Endine Gaiano,45.7833,9.9667
Casal Fiumanese,44.3,11.6333
Casale Corte Cerro,45.9167,8.4167
Loreo,45.0667,12.2
Montefano,43.4116,13.4387
Pescaglia,43.9667,10.4167
Piadena,45.1333,10.3667
Balsorano Nuovo,41.8098,13.5598
Cengio,44.3877,8.2085
Altidona,43.1068,13.794
Collazzone,42.9,12.4333
Gesualdo,41.0078,15.0733
Lauro,40.8792,14.6331
San Demetrio Corone,39.5667,16.3667
Sassocorvaro,43.7799,12.4972
Fornovo San Giovanni,45.4968,9.6773
Ornavasso,45.9667,8.4
Montalto Dora,45.4833,7.8667
Caposele,40.8153,15.2242
Lusia,45.1,11.6667
Bosisio Parini,45.8,9.2833
Cimadolmo,45.7833,12.3667
Castione della Presolana,45.9,10.0333
Castel di Casio,44.1667,11.0333
Dosolo,44.95,10.6333
Sarsina,43.9167,12.15
Castelliri,41.6833,13.55
Sicignano degli Alburni,40.5597,15.307
Torrecuso,41.1833,14.6833
Valfabbrica,43.1667,12.6
Cianciana,37.5214,13.4344
Roccamonfina,41.3,13.9833
San Felice del Benaco,45.5833,10.55
Ripalta Cremasca,45.3333,9.7
Roncofreddo,44.0423,12.3187
Bonorva,40.4167,8.7667
Santadi,39.0937,8.7149
Remedello Sopra,45.2792,10.3728
Vallelunga Pratameno,37.6833,13.8167
Forno Canavese,45.35,7.5833
Dongo,46.13,9.2817
Gressan,45.7167,7.2833
San Ginesio,43.1078,13.3167
Monsano,43.5636,13.2502
Carolei,39.25,16.2167
Costa di Mezzate,45.6667,9.8
Roccabernarda,39.1333,16.8667
San Lorenzo del Vallo,39.6667,16.3
Sale Marasino,45.7167,10.1167
Ceppaloni,41.05,14.7667
Oulx,45.0333,6.8333
Pontida,45.734,9.5064
Bedonia,44.5,9.6333
San Candido,46.7324,12.2785
San Giusto Canavese,45.3167,7.8167
Viggiano,40.3333,15.9
Dobbiaco,46.7344,12.2229
Costigliole Saluzzo,44.5667,7.4833
Vernate,45.3167,9.0667
Viano,44.5437,10.6216
Polverara,45.3094,11.956
Grottazzolina,43.111,13.6009
Contursi,40.6333,15.2333
Falerone,43.1077,13.4733
Marene,44.6667,7.7333
Vellezzo Bellini,45.2667,9.1
Maslianico,45.8428,9.0472
Paterno,40.3833,15.7333
Millesimo,44.3644,8.2059
Biandronno,45.8167,8.7167
Rocca Imperiale,40.1064,16.5949
Montese,44.2694,10.9458
Delianuova,38.2333,15.9167
Furci Siculo,37.9614,15.3819
Sorano,42.6819,11.7142
Vibonati,40.1,15.5833
Vinchiaturo,41.5,14.5833
Sperlonga,41.2667,13.4333
Ferrazzano,41.5333,14.6667
San Vito Romano,41.8833,12.9833
Villafrati,37.9,13.4833
Pont Canavese,45.4167,7.6
Aquiléia,45.7667,13.3667
Auronzo di Cadore,46.55,12.4333
San Marco dei Cavoti,41.3108,14.8806
Ospedaletti,43.8006,7.7177
Gimigliano,38.9667,16.5333
San Giovanni Incarico,41.5,13.55
Narcao,39.1667,8.6833
Foglianise,41.1601,14.6718
Blera,42.2733,12.0325
Castellana Sicula,37.7833,14.05
Montefalcione,40.9625,14.8847
Miane,45.95,12.1
Scalenghe,44.8927,7.4936
Gais,46.8333,11.95
Caronia,38.0167,14.4333
Casamarciano,40.9319,14.5532
Agna,45.1667,11.9667
Ardenno,46.1667,9.65
Baiso,44.5019,10.6047
Oschiri,40.719,9.1015
Godiasco,44.9,9.05
Bovino,41.25,15.35
Delebio,46.1333,9.4667
Cogollo del Cengio,45.7856,11.4269
San Lorenzo in Campo,43.6049,12.9462
Morolo,41.6333,13.2
Corio,45.3167,7.5333
Morciano di Leuca,39.85,18.3167
Montemaggiore Belsito,37.85,13.7667
Castel Ritaldi,42.8233,12.6722
Petralia Soprana,37.8,14.1
Polizzi Generosa,37.8119,13.9992
Borgo Tossignano,44.2833,11.5833
Brebbia,45.8333,8.65
Cinto Caomaggiore,45.8333,12.7833
Camporeale,37.9,13.1
Santa Marina,40.1,15.55
Cessaniti,38.6667,16.0333
Valle Mosso,45.6167,8.15
Sogliano al Rubicone,44,12.3
Scerni,42.1167,14.5667
Bibbona,43.2694,10.5944
Casnigo,45.8164,9.8667
Stienta,44.9333,11.55
Sarnano,43.0356,13.3007
Andorno Micca,45.6,8.05
Mezzani,44.9167,10.4333
Abbadia Lariana,45.9,9.3333
Gaggi,37.8601,15.2215
Saint-Pierre,45.71,7.226
San Biagio Platani,37.51,13.5264
Ro,44.9472,11.7611
Perosa Argentina,44.95,7.2
Volturara Irpina,40.8833,14.9167
Antegnate,45.4853,9.7889
Bellano,46.0432,9.3061
Coazze,45.0518,7.3006
San Michele di Ganzaria,37.2833,14.4333
Manocalzati,40.9425,14.8506
Castelnuovo Don Bosco,45.0417,7.9642
Sesto ed Uniti,45.1833,9.9167
Varzi,44.8167,9.2
Camposanto,44.7833,11.1333
Casalmaiocco,45.3547,9.3753
Tolve,40.7,16.0167
Fonzaso,46.0167,11.8
Villagrande Strisaili,39.9585,9.508
Malonno,46.1167,10.3167
Civitella Marittima,42.995,11.2817
Ostra Vetere,43.6037,13.0573
Rocca d’Evandro,41.3833,13.8833
Marone,45.7333,10.1
Marano Principato,39.3,16.1833
Jerzu,39.7924,9.5177
Marliana,43.9333,10.7667
Frosolone,41.6,14.45
Montecalvoli,43.6875,10.6628
Corno di Rosazzo,45.9833,13.45
Valli del Pasubio,45.75,11.2667
Moscufo,42.4333,14.05
Forano,42.3,12.6
San Gillio,45.15,7.5333
Rovito,39.3167,16.3167
Zinasco,45.1333,9.05
Civitella Roveto,41.9169,13.4278
Bressanvido,45.65,11.6333
Decollatura,39.05,16.35
Carlazzo,46.05,9.15
Patrica,41.5833,13.25
Folgaria,45.9167,11.1833
Mignano Monte Lungo,41.4,13.9833
Bardonecchia,45.0783,6.7039
Belfiore,45.3796,11.209
San Michele all’Adige,46.1938,11.1346
Polcenigo,46.0333,12.5
Arsiero,45.8,11.35
Marano di Valpolicella,45.55,10.9167
Viguzzolo,44.9053,8.9236
Cantagallo,44.0167,11.0833
Serrara Fontana,40.7167,13.9
Scandriglia,42.1667,12.85
Bagnoli Irpino,40.8342,15.0733
Buonconvento,43.1333,11.4833
Casella,44.5348,8.9989
Balangero,45.2667,7.5167
Aldeno,45.9833,11.0833
Maleo,45.1683,9.7625
Garessio,44.2,8.0167
Castiglione di Sicilia,37.8828,15.1225
Cerisano,39.2833,16.1833
Pergine Valdarno,43.4714,11.6867
San Giorgio a Liri,41.4,13.7667
Mazzano Romano,42.2056,12.3975
Maenza,41.5167,13.1833
Pieve Santo Stefano,43.6725,12.0422
Sospirolo,46.1333,12.0833
Romanengo,45.3833,9.7833
Fontanarosa,41.0192,15.0214
Cascia,42.7167,13.0167
Montorso Vicentino,45.4833,11.3667
Bosconero,45.2667,7.7667
Menaggio,46.0167,9.2333
Serrastretta,39.0167,16.4
Grotteria,38.3539,16.2725
Ripalimosani,41.6167,14.6667
Suvereto,43.0833,10.6833
Raddusa,37.4667,14.5333
Scandale,39.1167,16.9667
Capizzi,37.85,14.4833
Rio di Pusteria,46.7966,11.6675
San Leucio del Sannio,41.0833,14.7667
Lozzo Atestino,45.2833,11.6333
Pietrelcina,41.2,14.85
Castel Focognano,43.6534,11.788
Pastrengo,45.5,10.8
Nanto,45.4333,11.5833
Robassomero,45.2,7.5667
Monte Roberto,43.4813,13.138
Sant’Onofrio,38.7,16.15
Licodia Eubea,37.15,14.7
Comunanza,42.9572,13.4146
Baone,45.25,11.6833
Caprino Bergamasco,45.7453,9.4817
San Maurizio d’Opaglio,45.7667,8.3833
Villanterio,45.2167,9.3667
Contrada,40.8669,14.7797
Saludecio,43.8728,12.6686
Marradi,44.0833,11.6167
Sarmede,45.9775,12.3853
Sospiro,45.1,10.15
Bernate Ticino,45.4833,8.8167
Castell’Umberto,38.0833,14.8
Torino,42.1833,14.5333
Fogliano Redipúglia,45.8667,13.4833
Volano,45.9172,11.0635
Serrone,41.8421,13.0952
Pattada,40.5822,9.11
Villafranca d’Asti,44.9128,8.0328
Casalincontrada,42.3,14.1333
San Giorgio Morgeto,38.3833,16.1
Torre de’ Passeri,42.2333,13.9333
San Genesio Atesino,46.5346,11.3297
Pinzolo,46.1599,10.766
Orgiano,45.35,11.4667
Prata di Principato Ultra,40.9833,14.8333
Torri del Benaco,45.6167,10.6833
Sturno,41.0167,15.1
Soveria Mannelli,39.0833,16.3667
Crucoli,39.4236,17.0033
Tramutola,40.3167,15.7833
San Pietro Viminario,45.25,11.8167
Caselette,45.106,7.4833
Fluminimaggiore,39.4386,8.4986
Canepina,42.3831,12.2328
Sanfrè,44.75,7.8
Castronuovo di Sicilia,37.6667,13.6
Samughèo,39.9476,8.9408
Santa Cesarea Terme,40.0361,18.4554
Serle,45.5722,10.3667
Africo,38.0507,16.1332
Longobucco,39.45,16.6167
Osilo,40.7436,8.6711
Campofranco,37.5167,13.7
Caselle Lurani,45.2814,9.3606
Stia,43.8039,11.7094
Nissoria,37.65,14.45
Sant’Angelo di Brolo,38.1167,14.8833
Villa di Tirano,46.2,10.1333
Posada,40.6313,9.7198
Badolato,38.5667,16.5333
Gazoldo degli Ippoliti,45.2,10.5833
Roccabianca,45.0086,10.2198
Fregona,46.0002,12.339
Moncalvo,45.0511,8.2664
Pietravairano,41.3333,14.1667
Diso,40.0167,18.4
Giarratana,37.05,14.8
Castiglione Cosentino,39.35,16.2833
Lentiai,46.0448,12.0216
Misano di Gera d’Adda,45.4694,9.6208
Mormanno,39.8833,15.9833
Cassine,44.7508,8.5289
Monterosso Almo,37.1,14.7667
San Giorgio la Molara,41.2667,14.9167
Prata Camportaccio,46.3167,9.4
Montevago,37.7033,12.9867
Pollina,38,14.15
Verbicaro,39.75,15.9167
Fanano,44.2124,10.7966
Fiumefreddo Bruzio,39.2333,16.0667
Flumeri,41.0789,15.1486
Porto Ceresio,45.9,8.9
Tesero,46.2893,11.5113
Viggianello,39.9667,16.0833
Pralboino,45.2683,10.2183
Spigno Saturnia,41.3,13.7333
Thiesi,40.525,8.7164
Rovagnate,45.7333,9.3667
Dugenta,41.1333,14.45
Ostiano,45.2167,10.25
San Fele,40.8165,15.5404
Vitulano,41.1833,14.65
San Polo dei Cavalieri,42.0167,12.8333
Sant’Agata sul Santerno,44.4333,11.8667
Meduna di Livenza,45.8,12.6167
Castrofilippo,37.35,13.7511
Villafalletto,44.55,7.5333
Cassacco,46.1667,13.1833
Velturno,46.6671,11.5971
Fontana Liri,41.6167,13.55
Roncegno,46.0508,11.41
Comerio,45.8399,8.7468
Castri di Lecce,40.2667,18.2667
Amendolara,39.95,16.5833
Ruda,45.8333,13.4
Acquanegra sul Chiese,45.1667,10.4333
Cerrione,45.4667,8.0667
Palazzolo dello Stella,45.8,13.0833
Filiano,40.8167,15.7
Lettomanoppello,42.2333,14.0333
Campo Ligure,44.5381,8.6978
San Leo,43.8964,12.3433
Valentano,42.5653,11.8269
Gemonio,45.8833,8.6833
Riva Ligure,43.8375,7.8819
Mezzojuso,37.8667,13.4667
Castel Viscardo,42.7553,12.0017
Montemaggiore al Metauro,43.7374,12.9458
Artegna,46.2333,13.15
Faedis,46.15,13.35
Trescore Cremasco,45.4,9.6333
Francavilla Marittima,39.8169,16.3956
Alessandria della Rocca,37.5696,13.4535
Briga Novarese,45.7333,8.45
Osoppo,46.25,13.0833
Gargnano,45.6833,10.6667
Sirignano,40.95,14.6333
Ragogna,46.1735,12.9824
Borghi,44.0322,12.3562
Grandate,45.7833,9.0667
Castellina in Chianti,43.4692,11.2886
Airuno,45.75,9.4167
Madignano,45.35,9.7167
Sarmato,45.0667,9.4833
Torpè,40.6277,9.6782
Terzo d’Aquiléia,45.8,13.3333
Ordona,41.3167,15.6333
Crecchio,42.2967,14.3261
Bellegra,41.8833,13.0333
Tiggiano,39.9,18.3667
Monte di Malo,45.6667,11.3667
Chienes,46.8081,11.8387
Iolanda di Savoia,44.8833,11.9833
Turriaco,45.8167,13.45
Santa Vittoria d’Alba,44.7,7.9333
Letoianni,37.8833,15.3
Torviscosa,45.8167,13.2833
Fabro,42.8667,12.0167
Uras,39.6982,8.7015
Celico,39.3167,16.3333
Tusa,37.9833,14.2333
San Piero Patti,38.05,14.9667
Gallese,42.3744,12.3997
Guarno,39.2333,16.35
Castelnuovo Cilento,40.2179,15.1771
Vercurago,45.8167,9.4167
Pedaso,43.0974,13.8409
Moriago della Battaglia,45.8667,12.1
Sant’Arsenio,40.4667,15.4833
Sciara,37.9167,13.7667
Lamon,46.05,11.75
Monteviale,45.5667,11.4667
Saletto,45.2267,11.5339
Montemarano,40.9161,14.9983
Bitti,40.475,9.3817
Bronzolo,46.4045,11.3195
Moneglia,44.2386,9.4903
Sommariva Perno,44.75,7.9
Scurcola Marsicana,42.0642,13.34
Gruaro,45.8333,12.8333
Suno,45.6333,8.5333
Morsano al Tagliamento,45.8583,12.9278
Bonifati,39.5833,15.9
Vietri di Potenza,40.6,15.5
Burcèi,39.3445,9.3599
Acquasanta Terme,42.7692,13.4094
Carlino,45.8,13.1833
Candela,41.1333,15.5167
Traona,46.15,9.5167
Petriano,43.7806,12.7335
La Morra,44.6333,7.9333
Pozzoleone,45.6494,11.6744
Courmayeur,45.7833,6.9667
Cividate Camuno,45.9433,10.2783
Falcone,38.1167,15.0833
Pennabilli,43.819,12.2666
San Pier Niceto,38.1667,15.35
Orsenigo,45.7833,9.1833
Raiano,42.1033,13.8156
Mandatoriccio,39.4667,16.8333
Piasco,44.5639,7.4547
Chiusa Sclafani,37.6833,13.2667
Pavone del Mella,45.3008,10.2086
Biccari,41.4,15.2
Bettola,44.7783,9.6086
Gaiole in Chianti,43.4667,11.4333
Trevenzuolo,45.2667,10.9167
Montecalvo in Foglia,43.8116,12.6316
Berlingo,45.5022,10.0414
Amorosi,41.2,14.4667
Berchidda,40.7858,9.1658
Botrugno,40.0667,18.3167
Lessona,45.5863,8.1964
Salandra,40.5333,16.3167
Serra San Quirico,43.4477,13.0152
Arrone,42.5837,12.768
Fossato di Vico,43.3,12.7667
Sant’Anna Arresi,39.0038,8.6435
Castignano,42.9381,13.6219
Cordovado,45.85,12.8833
Zandobbio,45.6883,9.8525
Mammola,38.3667,16.2333
Rivello,40.0782,15.758
Petralia Sottana,37.8,14.0833
Golasecca,45.7,8.65
Barile,40.95,15.6667
Occhieppo Superiore,45.5,8
Valle di Maddaloni,41.0833,14.4167
Varmo,45.8833,12.9833
Paesana,44.6833,7.2833
Monforte San Giorgio,38.1667,15.3667
Pabillonis,39.5924,8.7217
Formignana,44.85,11.8667
Acerno,40.75,15.05
Seminara,38.3333,15.8667
Nimis,46.2,13.2667
Trecenta,45.0333,11.45
Marlengo,46.6556,11.1403
Bornasco,45.2666,9.218
Castell’Alfero,44.9822,8.2117
Mele,44.4455,8.7479
Lama Mocogno,44.3073,10.7318
Nulvi,40.7839,8.7439
Gissi,42.0167,14.55
Orsara di Puglia,41.2833,15.2667
Villanova d’Albenga,44.046,8.1431
Bargagli,44.4445,9.0886
Casaloldo,45.25,10.4833
Bereguardo,45.25,9.0333
Poggio Imperiale,41.8167,15.3667
Brembio,45.2156,9.5725
Canaro,44.9333,11.6667
Rossiglione,44.5667,8.6667
Gussola,45.0167,10.35
Noli,44.2057,8.4162
Abbasanta,40.1258,8.8194
Montesano Salentino,39.9758,18.3226
Baschi,42.6667,12.2167
Montecorice,40.2342,14.9839
Santa Maria la Fossa,41.1,14.1333
Guasila,39.5602,9.0447
Fiano,45.2167,7.5167
Cetona,42.9667,11.9
Porto Ercole,42.3939,11.2036
Caggiano,40.5667,15.5
Laion,46.6081,11.5656
Serdiana,39.3745,9.159
Pietra Montecorvino,41.55,15.1333
San Mango Piemonte,40.7,14.8333
Pieve Porto Morone,45.1103,9.4369
San Fili,39.3333,16.15
Apollosa,41.1,14.7
Castel San Niccolò,43.7453,11.71
Sandigliano,45.5,8.0333
Toirano,44.127,8.2071
Casalvieri,41.6333,13.7167
Guardamiglio,45.1086,9.6825
Vicari,37.8333,13.5667
Besenello,45.9419,11.1086
Villamar,39.62,8.96
Vallata,41.0333,15.25
Romano Canavese,45.3894,7.8675
San Cono,37.2899,14.3671
Cantalice,42.4667,12.9
Campodoro,45.4833,11.75
Castelvenere,41.2333,14.55
Alice Castello,45.3667,8.0833
Ururi,41.8167,15.0167
Grotte di Castro,42.6753,11.8731
Sgurgola,41.6667,13.15
Fontaneto d’Agogna,45.65,8.4833
Poggio Moiano,42.2,12.8833
Genola,44.5833,7.6667
Alvito,41.6889,13.7444
Cuglieri,40.1889,8.5672
Roccavione,44.3167,7.4833
San Quirico d’Orcia,43.0667,11.6
Merlara,45.1667,11.4333
Sinagra,38.0833,14.85
Verrès,45.6666,7.6891
Gavoi,40.1604,9.1947
Tocco da Casauria,42.2167,13.9167
Moena,46.3768,11.6594
Cison di Valmarino,45.9703,12.1431
San Colombano Certenoli,44.3718,9.3116
Solferino,45.3667,10.55
Gardone Riviera,45.6167,10.5667
San Nicolò d’Arcidano,39.6835,8.6466
Burgio,37.5985,13.2908
Schiavon,45.7,11.65
Pisciotta,40.1167,15.2333
Casabona,39.25,16.95
Dervio,46.0764,9.3067
Castel Sant’Elia,42.2514,12.375
Varano de’ Melegari,44.6833,10.0167
San Gregorio d’Ippona,38.65,16.1
Badia Calavena,45.5667,11.15
Agliè,45.3667,7.7667
Torricella Sicura,42.66,13.6581
Selva,46.5547,11.7604
Pianopoli,38.95,16.3833
Baranello,41.5333,14.55
Fratta Polesine,45.0333,11.65
Baragiano,40.6798,15.5938
Trenta,39.2833,16.3167
Caravate,45.8833,8.65
Gravedona,46.15,9.3
Ceresara,45.2623,10.5696
Rivara,45.3304,7.649
Mereto di Tomba,46.05,13.0333
Villa Santa Lucia,41.5167,13.7667
Casola Valsenio,44.2167,11.6167
Gerace,38.2667,16.2167
Rotondella,40.1667,16.5167
Ausonia,41.35,13.75
Vallerano,42.385,12.2642
Villaspeciosa,39.3115,8.9266
Lurago Marinone,45.7,8.9833
Besano,45.8833,8.8833
Vignolo,44.3636,7.4721
Ternate,45.7833,8.7
Lusiana,45.7833,11.5667
Valfurva,46.45,10.4167
Bolotana,40.3283,8.9593
Porpetto,45.85,13.2167
Urbisaglia,43.1973,13.3773
Pozzomaggiore,40.3978,8.6598
Dolcè,45.6,10.85
Vallecorsa,41.45,13.4
Ponte,41.2167,14.7
Stilo,38.4833,16.4667
San Gervasio Bresciano,45.3072,10.1494
Budoia,46.05,12.5333
San Vittore del Lazio,41.4667,13.9333
San Giorgio Canavese,45.3333,7.8
Vestenanuova,45.5667,11.2333
Petronà,39.0333,16.75
Sanza,40.25,15.55
Santa Fiora,42.8319,11.5853
Casole Bruzio,39.2833,16.3333
Benestare,38.1833,16.1333
San Lorenzo,38.0167,15.8333
Moricone,42.1166,12.7723
Poggio Nativo,42.2167,12.8
Costa di Rovigo,45.05,11.7
Paularo,46.5333,13.1167
Buonabitacolo,40.2667,15.6167
Rivarolo Mantovano,45.0667,10.4333
Camerata Picena,43.5783,13.3528
Chiuro,46.1667,9.9833
Pieve Vergonte,46.0058,8.2692
Pellestrina,45.2723,12.3008
Pignataro Interamna,41.4333,13.7833
Caltignaga,45.5167,8.5833
Cinigiano,42.8906,11.3925
Pressana,45.2833,11.4
Sant’Anna d’Alfaedo,45.6333,10.95
Lago,39.1667,16.15
Chiuppano,45.7667,11.4667
Santa Sofia d’Epiro,39.55,16.3333
Luras,40.9358,9.1747
Ziano Piacentino,45,9.4
Nuraminis,39.4423,9.0133
Bergantino,45.0667,11.25
Mamoiada,40.2142,9.2836
Corleto Perticara,40.3833,16.05
Corbara,40.7167,14.6
Donnaz,45.6,7.7667
Caltrano,45.7667,11.4667
Galati Mamertino,38.0333,14.7667
Campodipietra,41.55,14.75
Molochio,38.3167,16.0333
Galeata,44,11.9167
Santo Stefano di Cadore,46.5667,12.55
Momo,45.5833,8.55
Avigliano,42.65,12.4333
Carpignano Sesia,45.5333,8.4333
Lungro,39.75,16.1167
Sant’Elena,45.1833,11.7167
Montallegro,37.3939,13.3517
Amatrice,42.6294,13.2884
Moruzzo,46.1167,13.1167
Muzzana del Turgnano,45.8167,13.1333
Montodine,45.2833,9.7167
Antrodoco,42.4167,13.0833
Pieve Ligure,44.3748,9.0866
Cellino Attanasio,42.5833,13.8667
San Vero Milis,40.0131,8.5986
San Michele di Serino,40.8833,14.85
Portocannone,41.9167,15.0167
Sestola,44.2333,10.7667
Ravello,40.65,14.6167
Meina,45.7888,8.5388
Pieve Fosciana,44.1328,10.4119
Chiesa in Valmalenco,46.2667,9.85
Berzo Inferiore,45.9317,10.2806
Pocenia,45.8364,13.1017
Monteodorisio,42.0833,14.65
Regia Dogana,41.0038,9.6149
Capo di Ponte,46.0317,10.3461
Sant’Eusanio del Sangro,42.1667,14.3333
Cicagna,44.4085,9.2363
Tollegno,45.5833,8.05
Revere,45.0572,11.1302
Rive d’Arcano,46.1333,13.0333
